id,first_name,last_name,email,gender,ip_address
1,Sandie,Lightewood,slightewood0@blogtalkradio.com,Female,201.230.95.54
2,Betsy,Cheetham,bcheetham1@mysql.com,Female,226.182.71.52
3,Porter,Honig,phonig2@bluehost.com,Male,254.152.201.127
4,Fabe,Madison,fmadison3@wordpress.org,Male,44.167.63.43
5,Stu,Exley,sexley4@quantcast.com,Male,151.28.133.253
6,Holly-anne,Stockle,hstockle5@mashable.com,Female,205.54.7.185
7,Laughton,De la Yglesia,ldelayglesia6@wisc.edu,Male,104.203.2.73
8,Hadrian,Calliss,hcalliss7@samsung.com,Male,220.188.57.47
9,Leroi,Swadden,lswadden8@intel.com,Non-binary,44.86.194.45
10,Nikolos,Barrar,nbarrar9@vkontakte.ru,Male,195.216.3.7
11,Codi,Lanston,clanstona@sfgate.com,Male,184.167.102.87
12,Phebe,Whittek,pwhittekb@msn.com,Female,1.60.74.199
13,Brandtr,Ryman,brymanc@mlb.com,Male,49.175.253.214
14,Moina,Ilem,milemd@blogspot.com,Female,178.181.134.201
15,Montague,Van der Kruijs,mvanderkruijse@scribd.com,Male,214.168.239.178
16,Ki,Thow,kthowf@youtu.be,Female,210.243.138.242
17,Karlie,Stallworth,kstallworthg@prweb.com,Female,186.86.239.62
18,Alta,Allsworth,aallsworthh@pen.io,Female,87.93.80.24
19,Caryl,Guymer,cguymeri@last.fm,Female,216.174.128.75
20,Haydon,Girault,hgiraultj@etsy.com,Male,209.250.126.4
21,Germain,Baack,gbaackk@google.it,Male,82.33.96.55
22,Fabio,Balcon,fbalconl@is.gd,Male,69.23.164.119
23,Cathrine,O'Heyne,coheynem@twitter.com,Female,20.246.229.38
24,Lisle,Noone,lnoonen@ed.gov,Male,105.233.45.44
25,Chrisy,Scrigmour,cscrigmouro@narod.ru,Male,39.123.55.179
26,Julia,Choulerton,jchoulertonp@sphinn.com,Female,13.197.223.94
27,Merna,Giraudat,mgiraudatq@angelfire.com,Female,26.9.99.175
28,Tony,Porte,tporter@tripadvisor.com,Male,160.75.62.4
29,Joice,Andrelli,jandrellis@elegantthemes.com,Female,84.56.193.249
30,Cordula,Seager,cseagert@zdnet.com,Female,63.122.226.37
31,Ulysses,Leason,uleasonu@time.com,Male,173.224.167.57
32,Ashia,Umbers,aumbersv@feedburner.com,Polygender,47.33.141.65
33,Dalt,Dallon,ddallonw@miibeian.gov.cn,Male,41.28.41.236
34,Humberto,Elsmor,helsmorx@flavors.me,Male,59.25.50.168
35,Tedda,Waszczykowski,twaszczykowskiy@topsy.com,Female,190.6.21.55
36,Jessa,Cofax,jcofaxz@php.net,Female,158.121.34.0
37,Antonetta,A'Barrow,aabarrow10@baidu.com,Female,77.135.140.160
38,Fergus,Cowey,fcowey11@biglobe.ne.jp,Male,164.97.174.100
39,Rutledge,Goodbody,rgoodbody12@nature.com,Male,34.37.210.124
40,Vlad,Roycroft,vroycroft13@sourceforge.net,Male,246.127.34.113
41,Donica,Branigan,dbranigan14@globo.com,Female,101.182.92.221
42,Gerladina,Memory,gmemory15@paypal.com,Genderfluid,228.31.7.133
43,Linus,Golborne,lgolborne16@wikipedia.org,Male,17.153.156.147
44,Stefano,Hendonson,shendonson17@eventbrite.com,Male,240.51.109.31
45,Tremayne,Beatens,tbeatens18@ebay.co.uk,Male,156.40.123.141
46,Tedman,Curless,tcurless19@dmoz.org,Male,120.160.196.113
47,Karla,Masey,kmasey1a@reference.com,Female,85.117.237.121
48,Rodrique,MacMaykin,rmacmaykin1b@xinhuanet.com,Male,155.238.28.215
49,Carlye,McNelis,cmcnelis1c@imageshack.us,Female,234.175.231.216
50,Yasmin,Kamienski,ykamienski1d@lycos.com,Female,214.121.241.161
51,Jacquenetta,Dunsmore,jdunsmore1e@techcrunch.com,Female,99.96.229.67
52,Gifford,Joust,gjoust1f@posterous.com,Male,29.111.133.86
53,Maxie,Vanyushin,mvanyushin1g@weather.com,Male,75.100.22.71
54,Benni,Swadon,bswadon1h@illinois.edu,Female,73.154.109.191
55,Marice,Puxley,mpuxley1i@berkeley.edu,Female,91.203.165.140
56,Tadd,Ames,tames1j@hp.com,Male,90.71.20.195
57,Kevon,Gaspard,kgaspard1k@eepurl.com,Male,118.215.125.230
58,Wilhelmine,Ogg,wogg1l@artisteer.com,Female,113.205.105.103
59,Herb,Burchett,hburchett1m@wikipedia.org,Male,202.162.74.144
60,Joli,Schubbert,jschubbert1n@aol.com,Female,179.110.231.134
61,Amalita,Marcus,amarcus1o@networksolutions.com,Polygender,3.31.158.20
62,Christye,Fowlie,cfowlie1p@ifeng.com,Female,52.67.29.107
63,Veronica,Berthouloume,vberthouloume1q@webmd.com,Female,19.146.252.83
64,Joane,Dracey,jdracey1r@trellian.com,Female,3.186.160.18
65,Christina,Ledbetter,cledbetter1s@free.fr,Female,254.116.31.125
66,Vanessa,Bacop,vbacop1t@blog.com,Female,182.11.31.23
67,Benedetta,Leefe,bleefe1u@woothemes.com,Female,95.132.131.225
68,Amerigo,Grossman,agrossman1v@deviantart.com,Male,222.86.103.124
69,Marcy,Milligan,mmilligan1w@canalblog.com,Female,49.134.153.37
70,Milty,Leathes,mleathes1x@diigo.com,Male,235.14.105.102
71,Marmaduke,Howitt,mhowitt1y@prlog.org,Male,76.101.1.239
72,Mychal,Carnew,mcarnew1z@house.gov,Male,255.232.122.131
73,Nannette,Cossem,ncossem20@behance.net,Female,140.225.31.196
74,Amber,Stanesby,astanesby21@tripadvisor.com,Female,133.102.55.233
75,Sam,Korejs,skorejs22@wix.com,Female,106.51.233.246
76,Archy,Soall,asoall23@cafepress.com,Male,102.136.54.159
77,Sonni,Kaplan,skaplan24@goo.gl,Female,180.93.133.188
78,Tailor,Gerling,tgerling25@altervista.org,Male,149.40.73.175
79,Quintin,Mishaw,qmishaw26@yelp.com,Male,105.34.245.138
80,Denys,Boys,dboys27@gmpg.org,Female,39.229.69.39
81,Nataline,Lanfear,nlanfear28@cnn.com,Female,73.16.239.6
82,Junina,Meaddowcroft,jmeaddowcroft29@usgs.gov,Non-binary,171.125.75.255
83,Kelly,Cumo,kcumo2a@simplemachines.org,Male,86.218.73.7
84,Nikolaus,Fidilis,nfidilis2b@vk.com,Male,25.39.238.238
85,Ellwood,Gumey,egumey2c@miibeian.gov.cn,Male,32.100.41.73
86,Drusilla,Pile,dpile2d@wikipedia.org,Female,233.202.234.140
87,Gwendolen,Eliot,geliot2e@cbc.ca,Female,97.246.158.104
88,Bernie,Biagi,bbiagi2f@creativecommons.org,Male,51.30.39.60
89,Price,Benge,pbenge2g@ucla.edu,Male,236.48.7.214
90,Gerda,Cottem,gcottem2h@hc360.com,Female,174.192.9.111
91,Nicola,O'Murtagh,nomurtagh2i@dell.com,Male,15.148.234.58
92,Krisha,Giacomello,kgiacomello2j@army.mil,Male,235.214.86.67
93,Haily,Baline,hbaline2k@techcrunch.com,Male,19.231.50.205
94,Brietta,Goodsal,bgoodsal2l@google.com.br,Female,120.155.62.202
95,Caro,Phripp,cphripp2m@live.com,Female,220.58.124.63
96,Abraham,Rivard,arivard2n@wix.com,Male,103.248.84.231
97,Nathanial,Peel,npeel2o@netlog.com,Male,241.246.103.113
98,Arlene,McAster,amcaster2p@privacy.gov.au,Female,210.245.14.184
99,Lou,Josowitz,ljosowitz2q@comcast.net,Female,252.58.249.154
100,Mady,Segrave,msegrave2r@earthlink.net,Female,188.146.46.242
101,Valentine,Bonniface,vbonniface2s@godaddy.com,Agender,201.253.192.99
102,Ardisj,Paddison,apaddison2t@theglobeandmail.com,Non-binary,233.254.98.186
103,Tisha,Gouley,tgouley2u@state.tx.us,Female,36.52.53.149
104,Ezequiel,Gibke,egibke2v@wp.com,Male,156.144.223.56
105,Alfred,Razoux,arazoux2w@virginia.edu,Male,81.113.165.224
106,Fonsie,Gott,fgott2x@quantcast.com,Male,143.111.208.18
107,Jervis,Siley,jsiley2y@mediafire.com,Male,170.3.165.197
108,Leonidas,Hinksen,lhinksen2z@dailymotion.com,Male,94.197.32.142
109,Cammi,Guerrier,cguerrier30@people.com.cn,Genderqueer,42.243.1.16
110,Giacinta,Christofor,gchristofor31@indiegogo.com,Female,189.0.236.84
111,Moises,Deyenhardt,mdeyenhardt32@lulu.com,Male,74.13.69.64
112,Lenard,Clarey,lclarey33@aboutads.info,Male,77.136.92.15
113,Zulema,Janton,zjanton34@bloglovin.com,Female,250.64.113.107
114,Lanae,Pennick,lpennick35@psu.edu,Female,27.174.181.30
115,Hervey,Strond,hstrond36@storify.com,Male,188.32.166.188
116,Pierce,Mully,pmully37@tuttocitta.it,Male,249.46.157.66
117,Nanny,Oddboy,noddboy38@chron.com,Female,8.65.95.159
118,Corene,Shaves,cshaves39@spotify.com,Female,105.8.122.114
119,Merill,Dahill,mdahill3a@prnewswire.com,Male,76.169.100.21
120,Tris,Geeves,tgeeves3b@google.it,Male,224.3.10.194
121,Lincoln,Bebb,lbebb3c@geocities.jp,Male,115.67.217.242
122,Lorena,Tiery,ltiery3d@bluehost.com,Female,39.172.245.12
123,Maddy,Kobera,mkobera3e@home.pl,Female,196.69.170.143
124,Garrot,Blake,gblake3f@shareasale.com,Male,187.68.124.141
125,Curtis,Jordon,cjordon3g@japanpost.jp,Male,82.153.205.96
126,Alethea,Eakly,aeakly3h@ucsd.edu,Female,163.204.194.182
127,Morganica,Wardhough,mwardhough3i@gnu.org,Female,105.122.83.46
128,Nonna,Braam,nbraam3j@reuters.com,Genderqueer,8.68.87.75
129,Karon,Bowell,kbowell3k@washington.edu,Female,141.18.101.233
130,Brigid,Gierhard,bgierhard3l@a8.net,Female,192.98.97.12
131,Iver,Treasaden,itreasaden3m@cloudflare.com,Male,68.230.250.204
132,Diena,Shord,dshord3n@hibu.com,Female,223.39.70.168
133,Rosy,Letterick,rletterick3o@shutterfly.com,Female,67.193.65.58
134,Helaine,Kinge,hkinge3p@simplemachines.org,Female,209.201.7.14
135,Janean,Lofthouse,jlofthouse3q@arizona.edu,Female,238.193.157.239
136,Kit,Dudhill,kdudhill3r@desdev.cn,Male,221.32.25.181
137,Eb,Titchen,etitchen3s@samsung.com,Male,25.175.249.37
138,Artur,Brogini,abrogini3t@shinystat.com,Male,161.184.245.206
139,Purcell,Kalisz,pkalisz3u@google.ca,Male,100.162.196.178
140,Giffy,Iskow,giskow3v@blogspot.com,Male,19.206.212.157
141,Gianina,Pennycook,gpennycook3w@ted.com,Non-binary,38.93.148.250
142,Burl,Rosenberger,brosenberger3x@ustream.tv,Male,19.242.79.42
143,Roth,Barthelmes,rbarthelmes3y@fda.gov,Male,185.162.111.54
144,Cymbre,Jesson,cjesson3z@shutterfly.com,Female,4.117.199.97
145,Chaim,Gadsby,cgadsby40@webeden.co.uk,Male,32.45.189.54
146,Aggie,McDavid,amcdavid41@fda.gov,Female,44.224.48.93
147,Silvano,Bowhey,sbowhey42@bandcamp.com,Male,206.75.141.5
148,Kennith,Cheyney,kcheyney43@netvibes.com,Genderfluid,21.195.65.155
149,Ardith,Gatty,agatty44@auda.org.au,Female,116.46.137.72
150,Jed,Pottle,jpottle45@google.com.hk,Male,161.253.164.167
151,Sallie,Brimilcombe,sbrimilcombe46@themeforest.net,Female,36.38.5.181
152,Ned,Craney,ncraney47@123-reg.co.uk,Male,31.185.30.108
153,Myrtice,Starte,mstarte48@ustream.tv,Female,86.32.187.59
154,Cristobal,Have,chave49@exblog.jp,Genderfluid,129.78.96.184
155,Ulrick,Grigorio,ugrigorio4a@github.com,Male,130.251.56.211
156,Jessa,Osipov,josipov4b@cbc.ca,Female,157.2.37.137
157,Colman,Phebey,cphebey4c@wunderground.com,Male,237.149.173.252
158,Clarie,Burgoine,cburgoine4d@eventbrite.com,Genderfluid,124.173.144.169
159,Leonelle,Beretta,lberetta4e@ftc.gov,Female,230.7.151.1
160,Quentin,Dresser,qdresser4f@blogspot.com,Female,21.241.166.231
161,Felic,Sainthill,fsainthill4g@berkeley.edu,Bigender,86.27.192.128
162,Woodman,Broxup,wbroxup4h@sphinn.com,Male,252.89.193.211
163,Saloma,Thirlaway,sthirlaway4i@dropbox.com,Female,169.231.44.227
164,Alana,Fullman,afullman4j@wired.com,Female,14.84.250.117
165,Andrey,Adam,aadam4k@usatoday.com,Agender,96.58.205.147
166,Chris,Housley,chousley4l@lulu.com,Female,91.150.4.147
167,Den,Acreman,dacreman4m@army.mil,Male,61.93.236.214
168,Kingston,Wrightem,kwrightem4n@jugem.jp,Male,141.200.195.203
169,Gal,Cauthra,gcauthra4o@toplist.cz,Male,223.168.112.221
170,Larry,Corrigan,lcorrigan4p@cornell.edu,Male,176.150.128.168
171,Berti,Rivard,brivard4q@netvibes.com,Male,158.226.164.55
172,Tore,Botten,tbotten4r@harvard.edu,Male,90.10.214.134
173,Bern,Steed,bsteed4s@webmd.com,Male,177.156.77.92
174,Kerwinn,Innott,kinnott4t@cbc.ca,Male,12.82.41.170
175,Franz,Mattia,fmattia4u@imgur.com,Genderfluid,52.42.73.112
176,Lu,Mynett,lmynett4v@ycombinator.com,Female,143.73.130.159
177,Arlene,Kenford,akenford4w@theatlantic.com,Bigender,198.0.212.73
178,Teodor,Rigeby,trigeby4x@redcross.org,Male,206.74.124.12
179,Gabrila,Woloschinski,gwoloschinski4y@opera.com,Female,87.65.138.9
180,Darrel,Knoller,dknoller4z@smh.com.au,Male,153.157.221.253
181,Georgy,Toun,gtoun50@goo.ne.jp,Male,116.46.85.202
182,Laird,Perrycost,lperrycost51@cbslocal.com,Male,208.16.75.250
183,Lawrence,Prestage,lprestage52@friendfeed.com,Male,138.138.162.39
184,Cristin,Rodder,crodder53@t-online.de,Female,60.20.140.248
185,Rodrick,Osipenko,rosipenko54@istockphoto.com,Male,187.195.69.97
186,Farris,Hufton,fhufton55@dedecms.com,Male,243.253.162.129
187,Burnaby,Hathway,bhathway56@wordpress.org,Male,112.152.240.203
188,Catlaina,Goldin,cgoldin57@go.com,Polygender,29.99.148.230
189,Veda,Gorries,vgorries58@china.com.cn,Female,3.91.72.2
190,Randall,Haizelden,rhaizelden59@fc2.com,Male,225.247.71.51
191,Daven,Mcmanaman,dmcmanaman5a@diigo.com,Male,201.224.218.220
192,Flint,Meaddowcroft,fmeaddowcroft5b@sciencedaily.com,Male,72.164.121.164
193,Willem,Sainer,wsainer5c@pcworld.com,Bigender,178.143.240.176
194,Kingsly,Deveraux,kdeveraux5d@stumbleupon.com,Male,164.186.22.43
195,Olin,Dougliss,odougliss5e@mozilla.com,Male,165.166.158.20
196,Giraldo,Von Oertzen,gvonoertzen5f@alibaba.com,Male,4.129.244.65
197,Phelia,Livesey,plivesey5g@redcross.org,Female,146.26.92.46
198,Julianna,Doornbos,jdoornbos5h@webs.com,Female,7.244.90.141
199,Cyndi,Cardon,ccardon5i@cafepress.com,Female,201.90.40.33
200,Aldwin,Aubri,aaubri5j@columbia.edu,Male,190.37.115.100
201,Francoise,Gabbitus,fgabbitus5k@google.ca,Female,235.0.225.108
202,Mireille,Lundbeck,mlundbeck5l@yandex.ru,Polygender,248.109.45.55
203,Shoshana,Ibarra,sibarra5m@pen.io,Female,105.9.155.71
204,Lanni,Fri,lfri5n@jimdo.com,Female,59.78.72.3
205,Cash,Tooze,ctooze5o@altervista.org,Male,41.183.238.208
206,Lin,Glendza,lglendza5p@ft.com,Female,14.164.248.225
207,Barbi,Coghill,bcoghill5q@dailymail.co.uk,Female,207.138.170.232
208,Paige,Tower,ptower5r@gnu.org,Female,145.209.181.140
209,Griff,Pentony,gpentony5s@1und1.de,Male,170.69.45.237
210,Pall,Gionettitti,pgionettitti5t@toplist.cz,Non-binary,197.27.183.9
211,Blondy,Ubsdell,bubsdell5u@soup.io,Female,106.182.32.12
212,Welsh,Haresnape,wharesnape5v@nyu.edu,Bigender,195.208.102.75
213,Karly,Fennelow,kfennelow5w@google.es,Female,141.168.139.246
214,Jean,Reynold,jreynold5x@washingtonpost.com,Female,167.138.104.194
215,Mirabelle,Morten,mmorten5y@whitehouse.gov,Female,123.10.186.83
216,Moe,Caush,mcaush5z@baidu.com,Male,173.133.224.228
217,Galina,Miskimmon,gmiskimmon60@multiply.com,Female,125.38.169.221
218,Corey,Poad,cpoad61@apache.org,Male,103.157.143.185
219,Griswold,McGrotty,gmcgrotty62@imageshack.us,Male,245.167.177.177
220,Gretchen,Perrinchief,gperrinchief63@opera.com,Female,41.170.52.205
221,Godfrey,Tarbin,gtarbin64@lycos.com,Male,195.71.158.23
222,Crichton,Tourner,ctourner65@gravatar.com,Male,88.63.193.62
223,Camille,Murray,cmurray66@wix.com,Female,60.22.69.55
224,Wright,De Nisco,wdenisco67@seattletimes.com,Male,15.125.59.194
225,Kerry,Banfill,kbanfill68@ning.com,Female,25.59.94.93
226,Den,Sizzey,dsizzey69@ted.com,Male,236.224.87.76
227,Corby,Cropton,ccropton6a@cocolog-nifty.com,Male,134.87.94.190
228,Karisa,McCerery,kmccerery6b@blogs.com,Female,91.46.127.137
229,Sarajane,Gameson,sgameson6c@china.com.cn,Female,54.54.48.143
230,Candis,Valenti,cvalenti6d@latimes.com,Female,57.59.82.117
231,Tanhya,Comley,tcomley6e@gmpg.org,Female,197.31.2.44
232,Alexandros,Condell,acondell6f@biblegateway.com,Male,86.249.165.179
233,Nappie,Smieton,nsmieton6g@ftc.gov,Male,195.202.251.217
234,Jeanna,Digweed,jdigweed6h@moonfruit.com,Female,239.74.40.14
235,Denys,Clynter,dclynter6i@ameblo.jp,Female,2.241.77.46
236,Colline,Morphew,cmorphew6j@wikimedia.org,Bigender,150.124.97.4
237,Howey,Nare,hnare6k@businessinsider.com,Male,178.28.191.8
238,Dasie,Gamell,dgamell6l@amazon.com,Female,81.124.254.37
239,Rebekkah,Sobieski,rsobieski6m@timesonline.co.uk,Female,139.207.109.205
240,Yorgo,Francescoccio,yfrancescoccio6n@cafepress.com,Male,18.75.184.120
241,Drucie,Quinell,dquinell6o@msn.com,Female,219.176.47.4
242,Abagael,Fancett,afancett6p@netlog.com,Female,245.139.205.93
243,Aurelie,Lugton,alugton6q@macromedia.com,Female,230.22.67.120
244,Trey,Mattussevich,tmattussevich6r@prnewswire.com,Male,4.144.209.129
245,Lizbeth,McGeaney,lmcgeaney6s@wisc.edu,Female,207.73.104.83
246,Jonathan,Clinnick,jclinnick6t@wufoo.com,Male,155.42.84.155
247,Jammie,Grix,jgrix6u@pen.io,Female,103.162.103.11
248,Gearalt,Jahan,gjahan6v@irs.gov,Male,247.2.153.231
249,Noelyn,Pancost,npancost6w@amazonaws.com,Female,115.222.154.11
250,Drusie,Razzell,drazzell6x@cloudflare.com,Female,8.0.9.41
251,Evangeline,Dowbiggin,edowbiggin6y@pen.io,Female,126.112.82.80
252,Ardelle,Buchan,abuchan6z@cocolog-nifty.com,Female,211.155.94.208
253,Jeniffer,Fonte,jfonte70@aol.com,Polygender,215.17.215.208
254,Lyle,Klasing,lklasing71@tinypic.com,Male,98.104.242.48
255,Leigh,Adamek,ladamek72@cbsnews.com,Male,242.24.68.166
256,Billye,Collibear,bcollibear73@prnewswire.com,Female,29.36.178.123
257,Otto,Morilla,omorilla74@adobe.com,Male,145.185.232.57
258,David,Worley,dworley75@usatoday.com,Bigender,249.24.111.47
259,Ajay,Guilayn,aguilayn76@stumbleupon.com,Female,3.118.41.217
260,Marlyn,Mattam,mmattam77@usgs.gov,Female,137.142.73.77
261,Karlyn,Martinson,kmartinson78@woothemes.com,Female,88.45.146.22
262,Chiarra,Dudman,cdudman79@topsy.com,Female,46.147.34.59
263,Karisa,Guirard,kguirard7a@google.co.uk,Female,196.162.116.111
264,Lamar,Dowglass,ldowglass7b@i2i.jp,Male,179.248.245.202
265,Rory,Shergold,rshergold7c@lulu.com,Male,154.82.44.105
266,Elinore,Truckell,etruckell7d@senate.gov,Female,63.4.125.122
267,Brant,Burdfield,bburdfield7e@qq.com,Male,241.253.92.105
268,Emogene,MacLucais,emaclucais7f@google.ca,Female,101.135.183.245
269,Lacie,Fourman,lfourman7g@ask.com,Female,191.249.23.81
270,Madelyn,Denis,mdenis7h@chicagotribune.com,Female,196.143.10.90
271,Bartolemo,Crysell,bcrysell7i@ca.gov,Male,16.63.249.70
272,Hyacintha,Corbishley,hcorbishley7j@amazon.co.jp,Female,216.43.239.210
273,Cal,Ferro,cferro7k@spiegel.de,Polygender,170.204.216.249
274,Bevon,Brimmicombe,bbrimmicombe7l@google.com.hk,Male,162.247.96.10
275,Dela,Dybell,ddybell7m@gov.uk,Female,148.112.249.134
276,Reid,Glede,rglede7n@cloudflare.com,Male,226.83.137.122
277,Grazia,Wight,gwight7o@parallels.com,Female,125.194.235.246
278,Salem,Dionsetti,sdionsetti7p@kickstarter.com,Male,135.215.108.150
279,Stafani,Andryszczak,sandryszczak7q@amazon.de,Female,204.4.201.90
280,Antons,Camplen,acamplen7r@xing.com,Male,43.160.217.200
281,Wilhelmina,De la Yglesia,wdelayglesia7s@wisc.edu,Female,219.55.255.146
282,Beniamino,Ferro,bferro7t@seattletimes.com,Male,184.7.79.245
283,Madelon,Pashe,mpashe7u@businesswire.com,Female,171.235.255.167
284,Maurise,Keenor,mkeenor7v@dropbox.com,Male,190.70.215.135
285,Bobbye,Ziemecki,bziemecki7w@altervista.org,Female,31.214.155.107
286,Hurley,Austen,hausten7x@dailymail.co.uk,Male,244.202.191.110
287,Alys,Doghartie,adoghartie7y@fastcompany.com,Female,16.15.53.250
288,Theobald,Oakeby,toakeby7z@usda.gov,Male,246.186.74.177
289,Bobbie,Rowbury,browbury80@dropbox.com,Male,186.66.106.60
290,Gran,Werndley,gwerndley81@xinhuanet.com,Agender,190.210.119.27
291,Lucretia,Pedrozzi,lpedrozzi82@hostgator.com,Female,51.36.167.197
292,Giana,Maillard,gmaillard83@jigsy.com,Female,80.26.253.15
293,Karney,Howroyd,khowroyd84@clickbank.net,Male,73.200.39.246
294,Harriett,Fenna,hfenna85@tiny.cc,Female,46.199.99.141
295,Cheston,Grosvener,cgrosvener86@canalblog.com,Male,0.81.153.118
296,Jacinthe,Mensler,jmensler87@shutterfly.com,Female,235.57.181.154
297,Billye,Minshaw,bminshaw88@tumblr.com,Female,19.152.112.179
298,Verina,Dryburgh,vdryburgh89@ucoz.com,Female,182.12.93.166
299,Tonnie,Ainslie,tainslie8a@ihg.com,Male,56.251.149.123
300,Alena,Rides,arides8b@weebly.com,Female,101.211.82.251
301,Jess,Kincade,jkincade8c@dailymail.co.uk,Male,124.51.7.82
302,Alysa,Esmead,aesmead8d@cdbaby.com,Female,164.199.34.162
303,Andriana,Reiach,areiach8e@storify.com,Female,174.102.1.242
304,Clevey,Anton,canton8f@businessweek.com,Male,194.211.240.170
305,Bruis,Longmead,blongmead8g@ftc.gov,Male,128.68.68.210
306,Marietta,Bollard,mbollard8h@hhs.gov,Male,180.191.19.116
307,Emili,Swannell,eswannell8i@people.com.cn,Female,240.6.124.138
308,Maure,Knapp,mknapp8j@newsvine.com,Female,70.211.236.5
309,Mayor,Dumbreck,mdumbreck8k@google.ru,Male,155.174.203.67
310,Carolin,Hails,chails8l@addthis.com,Female,245.198.249.111
311,Christina,Mattson,cmattson8m@canalblog.com,Female,169.154.143.69
312,Sabine,Windows,swindows8n@hugedomains.com,Female,195.206.161.134
313,Codie,McGettrick,cmcgettrick8o@washington.edu,Male,31.165.62.19
314,Doretta,Mizzi,dmizzi8p@printfriendly.com,Female,245.131.86.139
315,Delano,Jakubovicz,djakubovicz8q@e-recht24.de,Male,200.13.119.97
316,Bertrando,Le land,bleland8r@eventbrite.com,Male,164.219.55.238
317,Kristyn,Rolf,krolf8s@g.co,Bigender,125.163.65.221
318,Dante,Winslade,dwinslade8t@mtv.com,Male,119.45.219.39
319,Teresa,Doyley,tdoyley8u@oakley.com,Female,39.21.25.238
320,Hogan,Thurlby,hthurlby8v@cocolog-nifty.com,Male,25.186.97.169
321,Carolee,Robottom,crobottom8w@cnet.com,Female,14.193.205.151
322,Boone,MacRierie,bmacrierie8x@wsj.com,Male,147.63.72.249
323,Alaine,Pooke,apooke8y@friendfeed.com,Female,139.163.224.59
324,Mathe,Turtle,mturtle8z@homestead.com,Male,198.50.100.173
325,Bibbie,Ackeroyd,backeroyd90@canalblog.com,Female,26.112.138.249
326,Lyon,Plume,lplume91@gizmodo.com,Male,146.116.251.35
327,Tudor,Streather,tstreather92@uol.com.br,Male,92.147.20.224
328,Cassandra,Hazeldene,chazeldene93@theglobeandmail.com,Female,167.157.89.31
329,Sianna,McVeighty,smcveighty94@washingtonpost.com,Female,208.159.236.155
330,Georgi,Fogden,gfogden95@google.co.uk,Male,43.125.234.113
331,Sybille,O'Doireidh,sodoireidh96@printfriendly.com,Female,16.83.116.173
332,Arabela,Ramsier,aramsier97@about.com,Female,48.135.230.135
333,Paula,Kemm,pkemm98@fda.gov,Female,128.109.67.110
334,King,Torrans,ktorrans99@thetimes.co.uk,Male,191.164.251.19
335,El,O'Brien,eobrien9a@ca.gov,Male,77.200.10.221
336,Flint,Ditty,fditty9b@msu.edu,Male,148.154.153.109
337,Kalle,Kerne,kkerne9c@prweb.com,Male,231.167.116.245
338,Bird,Washington,bwashington9d@yolasite.com,Female,54.6.186.203
339,Evelina,Skuse,eskuse9e@google.com.br,Female,38.186.136.73
340,Preston,Levin,plevin9f@cocolog-nifty.com,Male,144.204.186.222
341,Con,Rydzynski,crydzynski9g@nasa.gov,Female,246.81.121.0
342,Lek,Iveans,liveans9h@apple.com,Male,103.24.132.48
343,Amaleta,Keeffe,akeeffe9i@mit.edu,Female,100.27.83.23
344,Amerigo,Di Baudi,adibaudi9j@cbslocal.com,Male,206.99.24.207
345,Amye,Wickendon,awickendon9k@fc2.com,Female,233.70.156.20
346,Faye,Sealove,fsealove9l@histats.com,Female,206.141.49.213
347,Durant,Yeaman,dyeaman9m@addtoany.com,Male,217.164.2.94
348,Barthel,Antoney,bantoney9n@oaic.gov.au,Male,26.99.202.15
349,Elmira,Lapides,elapides9o@aol.com,Female,131.241.160.75
350,Mohandis,Jevons,mjevons9p@pcworld.com,Male,104.0.193.147
351,Jeremy,Hinze,jhinze9q@gizmodo.com,Polygender,157.218.78.130
352,Carmel,Yurevich,cyurevich9r@godaddy.com,Female,219.137.38.132
353,Alwyn,Gloster,agloster9s@foxnews.com,Male,67.7.191.66
354,Noach,Antonognoli,nantonognoli9t@qq.com,Male,7.160.88.133
355,Diandra,Golborn,dgolborn9u@google.com.hk,Female,117.107.118.57
356,Yevette,Pilbury,ypilbury9v@etsy.com,Female,151.207.84.60
357,Shannen,Collicott,scollicott9w@forbes.com,Female,196.33.226.235
358,Hanan,Pickthall,hpickthall9x@google.com,Male,26.167.247.7
359,Kelcey,Senett,ksenett9y@fotki.com,Female,17.110.204.116
360,Octavia,Mursell,omursell9z@indiatimes.com,Female,244.118.122.37
361,Mathe,Blondelle,mblondellea0@ask.com,Male,43.167.195.221
362,Dorrie,Jesson,djessona1@posterous.com,Bigender,211.78.249.130
363,Netta,Spatari,nspataria2@sitemeter.com,Female,254.48.146.190
364,Mora,Pierro,mpierroa3@ox.ac.uk,Female,236.55.198.127
365,Rozele,Otter,rottera4@toplist.cz,Female,20.218.214.11
366,Murial,Phorsby,mphorsbya5@cpanel.net,Female,94.24.82.155
367,Nelie,Antram,nantrama6@blogspot.com,Female,2.230.45.157
368,Maurits,LLelweln,mllelwelna7@digg.com,Male,53.250.242.51
369,Marven,Kenningham,mkenninghama8@nature.com,Non-binary,214.108.86.121
370,Bridget,Honeyghan,bhoneyghana9@icq.com,Female,98.34.0.28
371,Ethelbert,Gout,egoutaa@arizona.edu,Male,112.152.86.62
372,Kate,Caudle,kcaudleab@tinyurl.com,Female,11.230.22.32
373,Humfried,Bruun,hbruunac@privacy.gov.au,Genderfluid,123.205.94.218
374,Peg,Cleeton,pcleetonad@sciencedirect.com,Female,38.77.19.1
375,Phyllys,Monnery,pmonneryae@sourceforge.net,Female,148.165.206.93
376,Alia,Fetters,afettersaf@java.com,Female,0.87.10.151
377,Ronnica,Hallmark,rhallmarkag@buzzfeed.com,Female,192.45.164.94
378,Kimble,Furnell,kfurnellah@seesaa.net,Male,177.117.118.124
379,Danice,Westman,dwestmanai@bluehost.com,Female,117.89.242.103
380,Darryl,Casaccio,dcasaccioaj@altervista.org,Female,179.98.212.43
381,Estele,Gamlyn,egamlynak@cnn.com,Female,101.92.253.125
382,Catie,Petrosian,cpetrosianal@latimes.com,Female,58.221.42.42
383,Wendie,Dury,wduryam@usgs.gov,Female,160.19.169.209
384,Korry,Iorns,kiornsan@pcworld.com,Female,80.171.211.24
385,Lorain,Swaisland,lswaislandao@imageshack.us,Female,249.203.101.11
386,Hube,Cohr,hcohrap@liveinternet.ru,Male,82.41.117.163
387,Shelley,Clarage,sclarageaq@opensource.org,Male,231.50.221.12
388,Jeth,Tunnock,jtunnockar@whitehouse.gov,Male,159.217.253.244
389,Madeline,Mattingson,mmattingsonas@java.com,Female,212.190.140.119
390,Lucretia,Dofty,ldoftyat@hp.com,Female,109.255.19.11
391,Anthea,Larmet,alarmetau@godaddy.com,Polygender,158.224.106.33
392,Nichols,Statham,nstathamav@cbc.ca,Male,1.99.110.108
393,Bill,Baudesson,bbaudessonaw@ezinearticles.com,Female,117.168.35.232
394,See,Pabel,spabelax@amazonaws.com,Male,88.17.72.241
395,Henry,Francescozzi,hfrancescozziay@over-blog.com,Male,158.108.224.5
396,Aurelie,Huncote,ahuncoteaz@amazon.co.jp,Female,215.110.92.128
397,Gates,Reedy,greedyb0@economist.com,Female,200.204.172.38
398,Dick,Lumsden,dlumsdenb1@nytimes.com,Male,227.69.167.153
399,Belia,Yeatman,byeatmanb2@people.com.cn,Female,48.139.179.40
400,Cathrin,Yanshin,cyanshinb3@biblegateway.com,Genderfluid,19.115.168.235
401,Farica,Band,fbandb4@telegraph.co.uk,Female,92.71.199.31
402,Mycah,Chastanet,mchastanetb5@ehow.com,Male,20.25.138.18
403,Andrew,Quartermaine,aquartermaineb6@time.com,Male,69.38.183.128
404,Adelind,Gammage,agammageb7@mapquest.com,Female,217.4.227.235
405,Jenine,Chadbourn,jchadbournb8@wp.com,Female,152.186.241.239
406,Vincenz,Maydwell,vmaydwellb9@japanpost.jp,Male,64.151.145.10
407,Ainslie,Hunnam,ahunnamba@youtu.be,Female,155.208.153.160
408,Dominique,Lillico,dlillicobb@yahoo.com,Female,42.27.161.188
409,Mariann,Rawnsley,mrawnsleybc@wikipedia.org,Female,51.93.117.69
410,Andrus,Di Nisco,adiniscobd@vk.com,Male,48.207.66.120
411,Ellary,Cawdell,ecawdellbe@1und1.de,Male,83.25.182.167
412,Aube,Gilloran,agilloranbf@theglobeandmail.com,Male,250.255.54.108
413,Ashley,Chiles,achilesbg@goodreads.com,Male,188.91.115.149
414,Davide,Ronnay,dronnaybh@amazon.com,Male,205.15.64.78
415,Sada,MacTeggart,smacteggartbi@mtv.com,Female,111.49.53.25
416,Erick,Daymond,edaymondbj@rambler.ru,Male,22.211.17.69
417,Darbee,Hulett,dhulettbk@whitehouse.gov,Male,113.98.241.198
418,Kitti,Bailiss,kbailissbl@bloglovin.com,Female,151.53.150.152
419,Miranda,Rispine,mrispinebm@intel.com,Female,211.203.201.136
420,Sol,Smeaton,ssmeatonbn@liveinternet.ru,Male,74.238.246.101
421,Broddie,Vignal,bvignalbo@usgs.gov,Male,6.179.108.1
422,Fonzie,Dearness,fdearnessbp@kickstarter.com,Male,122.64.252.130
423,Hilda,Abramcik,habramcikbq@livejournal.com,Female,202.231.17.102
424,Stacee,Woodyeare,swoodyearebr@answers.com,Female,14.12.213.34
425,Colleen,Fomichyov,cfomichyovbs@squidoo.com,Female,39.247.195.251
426,Trix,Devinn,tdevinnbt@merriam-webster.com,Female,66.135.171.68
427,Archibald,Van den Dael,avandendaelbu@github.com,Male,40.114.193.232
428,Devin,Durden,ddurdenbv@paginegialle.it,Female,110.183.24.62
429,Jazmin,Olphert,jolphertbw@ask.com,Female,243.0.252.141
430,Nadya,Lovemore,nlovemorebx@msu.edu,Female,10.121.236.221
431,Bendite,Sollom,bsollomby@dedecms.com,Female,194.178.108.157
432,Billy,Wimpeney,bwimpeneybz@symantec.com,Male,228.86.173.234
433,Ellissa,Holburn,eholburnc0@clickbank.net,Female,45.222.26.174
434,Lacee,Scholfield,lscholfieldc1@miibeian.gov.cn,Female,19.104.79.210
435,Barbabas,Minear,bminearc2@ucoz.ru,Male,124.147.197.63
436,Paula,Bean,pbeanc3@nba.com,Female,251.37.61.160
437,Erasmus,de Glanville,edeglanvillec4@jigsy.com,Male,92.15.123.5
438,Willa,Acuna,wacunac5@engadget.com,Female,43.89.34.41
439,Kyrstin,Pheasey,kpheaseyc6@intel.com,Female,72.236.108.226
440,Aeriel,Ellington,aellingtonc7@npr.org,Female,211.76.7.140
441,Melissa,Shemwell,mshemwellc8@paypal.com,Female,5.101.23.163
442,Sula,Gorick,sgorickc9@chron.com,Female,41.234.89.9
443,Lettie,Custard,lcustardca@merriam-webster.com,Female,112.40.106.115
444,Roderick,Blore,rblorecb@fotki.com,Male,120.202.110.244
445,Iain,Benit,ibenitcc@princeton.edu,Male,194.231.205.69
446,Alyss,Samme,asammecd@indiatimes.com,Female,44.239.154.173
447,Zachariah,Wildbore,zwildborece@zimbio.com,Male,90.191.192.163
448,Paulita,Gouge,pgougecf@parallels.com,Female,176.96.85.202
449,Arin,Cabel,acabelcg@clickbank.net,Male,208.4.44.87
450,Austin,Redborn,aredbornch@vimeo.com,Male,18.216.252.36
451,Freddie,Antoniottii,fantoniottiici@cnbc.com,Female,175.239.79.61
452,Darius,Rudyard,drudyardcj@odnoklassniki.ru,Male,173.180.81.18
453,Colene,Iozefovich,ciozefovichck@mediafire.com,Female,32.70.165.249
454,Rea,Curr,rcurrcl@ow.ly,Female,161.196.239.169
455,Carine,Tebbet,ctebbetcm@behance.net,Female,98.189.121.124
456,Adina,Speeding,aspeedingcn@blinklist.com,Female,198.222.238.207
457,Ethelda,Conant,econantco@php.net,Female,52.29.81.178
458,Benton,Russel,brusselcp@soup.io,Male,140.35.38.184
459,Nevile,Josifovic,njosifoviccq@hubpages.com,Male,255.11.22.114
460,Elita,Salan,esalancr@ft.com,Female,21.39.149.29
461,Benson,Grolle,bgrollecs@weibo.com,Male,66.168.128.218
462,Freda,Heard,fheardct@theglobeandmail.com,Female,67.74.45.88
463,Brenda,Beardsell,bbeardsellcu@china.com.cn,Female,233.247.181.127
464,Renault,Keers,rkeerscv@ox.ac.uk,Male,203.20.125.114
465,Marian,Cathersides,mcathersidescw@accuweather.com,Female,118.105.201.10
466,Sidonnie,Pieracci,spieraccicx@godaddy.com,Female,121.228.192.219
467,Vance,Symers,vsymerscy@typepad.com,Male,47.78.202.97
468,Drusie,Emmanuele,demmanuelecz@tinypic.com,Female,118.190.92.125
469,Ave,Cowland,acowlandd0@blinklist.com,Male,175.190.150.198
470,Benedetto,Corneljes,bcorneljesd1@nsw.gov.au,Male,198.212.164.155
471,Winne,Miere,wmiered2@bing.com,Female,19.251.222.122
472,Deanne,Dincke,ddincked3@bandcamp.com,Female,1.131.124.164
473,Tadio,Churchward,tchurchwardd4@hugedomains.com,Male,164.118.192.11
474,Noach,Dansey,ndanseyd5@independent.co.uk,Male,251.120.44.71
475,Cherice,Forrest,cforrestd6@issuu.com,Female,185.230.175.58
476,Nahum,Hotson,nhotsond7@army.mil,Bigender,182.243.71.249
477,Rochell,Garforth,rgarforthd8@sohu.com,Female,164.99.82.218
478,Faustine,Traill,ftrailld9@ft.com,Female,178.233.105.93
479,Marcelle,Frickey,mfrickeyda@jigsy.com,Female,114.7.226.132
480,Mireille,Blockwell,mblockwelldb@cbc.ca,Female,245.255.45.250
481,Niven,O'Sharkey,nosharkeydc@adobe.com,Male,79.92.75.186
482,Cassandra,Mantione,cmantionedd@creativecommons.org,Female,73.8.49.123
483,Justus,Cliffe,jcliffede@tamu.edu,Male,92.184.3.160
484,Odilia,Nuttall,onuttalldf@flavors.me,Female,16.253.53.206
485,Antonia,Woffenden,awoffendendg@tumblr.com,Female,78.103.211.162
486,Cyndia,Bosche,cboschedh@people.com.cn,Female,41.88.38.98
487,Andrej,McCombe,amccombedi@sbwire.com,Male,159.14.79.228
488,Bendix,Matuszyk,bmatuszykdj@pinterest.com,Male,68.36.45.227
489,Rinaldo,Cashley,rcashleydk@statcounter.com,Male,40.242.70.229
490,Omar,Triplett,otriplettdl@arstechnica.com,Male,217.80.132.154
491,Aileen,Cleynaert,acleynaertdm@nps.gov,Female,67.46.69.101
492,Caldwell,Hofton,choftondn@51.la,Male,90.50.125.173
493,Sheff,Holdworth,sholdworthdo@histats.com,Male,226.55.237.82
494,Mickie,Vowell,mvowelldp@toplist.cz,Male,255.90.161.46
495,Sholom,Nield,snielddq@yandex.ru,Male,15.34.111.169
496,Germayne,Scogings,gscogingsdr@google.es,Male,225.226.209.207
497,Brendin,Braunle,bbraunleds@mediafire.com,Male,230.115.126.235
498,Sheena,Hearley,shearleydt@cam.ac.uk,Female,43.237.168.79
499,Fania,Hardbattle,fhardbattledu@t-online.de,Female,42.49.30.207
500,Marian,Grattage,mgrattagedv@opera.com,Female,34.119.211.234
501,Elie,Offa,eoffadw@spotify.com,Female,5.75.48.36
502,Brooks,Grishakov,bgrishakovdx@businessinsider.com,Female,127.160.36.202
503,Babb,Pickering,bpickeringdy@deviantart.com,Female,138.60.178.170
504,Cherin,Woodger,cwoodgerdz@bbb.org,Female,2.24.201.96
505,Ketty,Coverdale,kcoverdalee0@booking.com,Female,86.230.100.177
506,Ritchie,Eddowes,reddowese1@trellian.com,Male,248.132.162.22
507,Lyndsie,Fforde,lffordee2@amazon.de,Female,40.158.113.225
508,August,Serridge,aserridgee3@cam.ac.uk,Male,159.132.229.191
509,Addy,Olphert,aolpherte4@slideshare.net,Female,94.153.197.205
510,Jan,Trowsdale,jtrowsdalee5@seattletimes.com,Polygender,30.36.211.10
511,Kristofer,Ilson,kilsone6@mtv.com,Male,163.51.215.6
512,Derk,Stood,dstoode7@nyu.edu,Male,234.155.143.110
513,Genny,Hockey,ghockeye8@nih.gov,Female,215.196.153.227
514,Norry,Geerits,ngeeritse9@yahoo.com,Male,233.126.128.118
515,Cleveland,Kernley,ckernleyea@zimbio.com,Male,173.64.104.188
516,Isa,Jones,ijoneseb@pagesperso-orange.fr,Female,56.44.121.91
517,Priscilla,Kennifick,pkennifickec@thetimes.co.uk,Female,73.211.26.152
518,Earvin,Daviot,edavioted@goo.gl,Male,24.174.149.109
519,Reyna,Antonikov,rantonikovee@squarespace.com,Female,106.147.46.130
520,Guss,Tennison,gtennisonef@unc.edu,Male,243.166.39.194
521,Nanci,Franzini,nfranzinieg@columbia.edu,Female,169.167.4.168
522,Leighton,MacDonnell,lmacdonnelleh@kickstarter.com,Male,97.249.88.220
523,Lanny,Frounks,lfrounksei@examiner.com,Female,103.227.80.53
524,Teirtza,Brewins,tbrewinsej@usnews.com,Female,136.221.203.254
525,Tallia,Tewkesberrie,ttewkesberrieek@xing.com,Female,158.222.41.187
526,Alec,Borsi,aborsiel@youtube.com,Male,173.239.120.21
527,Fernanda,Napoli,fnapoliem@imdb.com,Genderfluid,202.219.59.237
528,Augustin,Fearneley,afearneleyen@indiegogo.com,Male,202.25.93.172
529,Skipper,Rusted,srustedeo@illinois.edu,Male,73.234.169.212
530,Rebekah,Biagini,rbiaginiep@ning.com,Polygender,236.70.104.116
531,Archer,Valasek,avalasekeq@histats.com,Male,174.35.189.189
532,Yanaton,Schindler,yschindlerer@dyndns.org,Male,166.50.226.137
533,Jock,Skill,jskilles@walmart.com,Male,48.36.52.201
534,Wilden,Culcheth,wculchethet@smh.com.au,Male,42.165.78.207
535,Dinnie,Hancox,dhancoxeu@state.tx.us,Female,154.19.164.171
536,Umberto,Molyneux,umolyneuxev@rediff.com,Male,113.169.162.90
537,Kelwin,Fysh,kfyshew@ehow.com,Male,5.98.93.75
538,Idette,Searsby,isearsbyex@addtoany.com,Female,82.125.112.35
539,Timmie,Petti,tpettiey@furl.net,Agender,217.54.251.75
540,Erroll,Bazek,ebazekez@linkedin.com,Male,40.238.5.172
541,Romeo,Loyd,rloydf0@vistaprint.com,Male,111.221.178.77
542,Jen,Cutbush,jcutbushf1@zdnet.com,Female,10.157.33.55
543,Vicki,Cartmail,vcartmailf2@seattletimes.com,Female,226.176.3.65
544,Koressa,Fillary,kfillaryf3@earthlink.net,Female,21.168.175.202
545,Sherrie,Hawkswell,shawkswellf4@squidoo.com,Female,56.67.125.125
546,Fern,Armin,farminf5@sina.com.cn,Female,7.195.0.196
547,Wilone,Vidineev,wvidineevf6@t.co,Female,24.137.85.206
548,Paule,Dyerson,pdyersonf7@over-blog.com,Female,230.191.110.231
549,Mort,Geffe,mgeffef8@newsvine.com,Male,155.92.62.198
550,Waiter,Stood,wstoodf9@youku.com,Male,21.216.210.100
551,Mindy,Filippo,mfilippofa@adobe.com,Female,165.16.3.33
552,Sherlock,Fairham,sfairhamfb@hugedomains.com,Male,3.79.243.184
553,Giovanna,Niess,gniessfc@deliciousdays.com,Female,222.183.248.55
554,Kara,Ashlin,kashlinfd@gmpg.org,Female,175.117.67.88
555,Jody,Egle,jeglefe@arstechnica.com,Male,152.185.103.223
556,Galvan,Bearsmore,gbearsmoreff@networksolutions.com,Male,216.64.96.42
557,Lucilia,Griffe,lgriffefg@reuters.com,Female,159.26.15.159
558,Eberhard,Malloch,emallochfh@china.com.cn,Male,27.17.133.219
559,Marietta,Drabble,mdrabblefi@businessweek.com,Female,156.144.37.108
560,Salvador,Missington,smissingtonfj@baidu.com,Male,74.253.144.8
561,Brandon,Hackley,bhackleyfk@patch.com,Male,144.90.48.126
562,Giselle,Fuchs,gfuchsfl@discovery.com,Female,53.228.252.168
563,Chaddy,Reisenberg,creisenbergfm@bluehost.com,Male,46.81.63.147
564,Raleigh,Massow,rmassowfn@foxnews.com,Male,249.166.51.104
565,Archibaldo,Patriche,apatrichefo@altervista.org,Male,226.59.152.158
566,Annamarie,McGready,amcgreadyfp@slideshare.net,Female,207.222.82.227
567,Ame,Kembrey,akembreyfq@webs.com,Female,124.213.66.139
568,Chrissie,Walmsley,cwalmsleyfr@engadget.com,Female,104.42.157.245
569,Carlos,Eriksson,cerikssonfs@cpanel.net,Male,113.85.33.23
570,Oralle,Pendergrast,opendergrastft@shutterfly.com,Female,121.40.50.43
571,Rita,Scurrey,rscurreyfu@discovery.com,Female,18.92.59.18
572,Ralina,Mc Carroll,rmccarrollfv@mapy.cz,Female,20.148.102.161
573,Nichol,Grouse,ngrousefw@eventbrite.com,Polygender,118.101.231.184
574,Gideon,Teck,gteckfx@wordpress.com,Male,79.223.221.68
575,Brigida,Drillingcourt,bdrillingcourtfy@businessinsider.com,Female,196.58.93.219
576,Ashil,Silversmidt,asilversmidtfz@tumblr.com,Female,77.63.186.116
577,Catharine,Tilte,ctilteg0@odnoklassniki.ru,Female,73.19.245.214
578,Jorry,Hengoed,jhengoedg1@diigo.com,Female,185.252.26.78
579,Lorne,Meagh,lmeaghg2@woothemes.com,Male,220.234.225.99
580,Arluene,Rookledge,arookledgeg3@csmonitor.com,Female,48.130.192.74
581,Marylinda,Cantillon,mcantillong4@goodreads.com,Female,141.117.171.26
582,Kathryne,Montez,kmontezg5@histats.com,Female,96.179.243.245
583,Gael,Renwick,grenwickg6@icio.us,Male,192.156.182.229
584,Esmaria,Kalkofer,ekalkoferg7@hibu.com,Female,254.37.224.215
585,Bellanca,Georgeson,bgeorgesong8@amazon.co.uk,Female,48.247.58.180
586,Lettie,Brodie,lbrodieg9@yahoo.co.jp,Female,243.185.59.43
587,Ric,Schubbert,rschubbertga@lycos.com,Male,4.18.110.172
588,Lanni,Easum,leasumgb@yale.edu,Agender,133.51.159.240
589,Roz,Varley,rvarleygc@stanford.edu,Female,134.231.207.16
590,Ange,Taylour,ataylourgd@time.com,Male,162.109.167.99
591,Brena,Roycroft,broycroftge@marketwatch.com,Female,107.52.23.148
592,Maureene,Tumilty,mtumiltygf@google.de,Female,65.80.80.177
593,Scott,Arbor,sarborgg@wunderground.com,Male,61.143.245.241
594,Binnie,Skokoe,bskokoegh@cnbc.com,Female,140.135.190.214
595,Pasquale,Buckney,pbuckneygi@hp.com,Male,189.115.169.116
596,Millard,Wardel,mwardelgj@yellowbook.com,Male,200.119.47.15
597,Bo,Wimms,bwimmsgk@tuttocitta.it,Male,162.219.174.164
598,Arabella,Grizard,agrizardgl@imdb.com,Female,231.100.163.55
599,Terza,Smelley,tsmelleygm@squarespace.com,Female,225.16.169.209
600,Goober,Milam,gmilamgn@arizona.edu,Male,207.142.200.213
601,Cara,Grissett,cgrissettgo@google.co.uk,Female,253.146.164.39
602,Deane,O'Keevan,dokeevangp@friendfeed.com,Male,48.13.116.230
603,Cecilla,Ibell,cibellgq@tamu.edu,Female,197.46.130.128
604,Toma,Chastan,tchastangr@plala.or.jp,Female,70.200.144.194
605,Emmeline,Norval,enorvalgs@microsoft.com,Female,125.237.44.159
606,Irma,Tibbs,itibbsgt@google.fr,Female,55.240.10.60
607,Alexis,Pygott,apygottgu@furl.net,Bigender,73.75.117.249
608,Rudyard,Beaves,rbeavesgv@liveinternet.ru,Male,13.218.139.244
609,Noni,Goodisson,ngoodissongw@ameblo.jp,Female,206.136.163.55
610,Abran,Frondt,afrondtgx@salon.com,Male,215.138.30.225
611,Mose,Fandrey,mfandreygy@ftc.gov,Male,43.188.47.104
612,Salem,Outibridge,soutibridgegz@columbia.edu,Male,235.169.25.0
613,Sondra,Harroway,sharrowayh0@angelfire.com,Female,76.64.124.4
614,Maiga,Highway,mhighwayh1@qq.com,Female,37.64.2.228
615,Ricki,Tighe,rtigheh2@ehow.com,Non-binary,63.228.40.157
616,Giulio,Webbe,gwebbeh3@arstechnica.com,Male,80.117.211.63
617,Daphna,Schober,dschoberh4@free.fr,Female,102.26.229.115
618,Delmor,Palfreeman,dpalfreemanh5@phoca.cz,Male,93.220.31.166
619,Merill,Nipper,mnipperh6@geocities.jp,Non-binary,164.187.51.43
620,Kelcey,Postill,kpostillh7@umn.edu,Female,163.149.3.145
621,Emery,Urion,eurionh8@cyberchimps.com,Male,86.78.88.206
622,Ginnifer,Le Claire,gleclaireh9@sbwire.com,Female,148.213.4.205
623,Gerri,Wallwood,gwallwoodha@youtu.be,Female,115.245.84.79
624,Arther,Popley,apopleyhb@dedecms.com,Male,244.172.235.2
625,Dav,Beeckx,dbeeckxhc@unesco.org,Male,203.88.78.114
626,Pierre,Hazle,phazlehd@smh.com.au,Male,123.204.2.196
627,Sutherlan,Covotti,scovottihe@facebook.com,Male,43.22.49.120
628,Brittaney,Leaney,bleaneyhf@vimeo.com,Female,127.164.178.241
629,Wadsworth,Pirdue,wpirduehg@fastcompany.com,Male,108.94.144.85
630,Kathrine,Roskilly,kroskillyhh@altervista.org,Female,195.55.123.96
631,Tresa,Harry,tharryhi@virginia.edu,Female,23.229.103.222
632,Torrey,Howorth,thoworthhj@tuttocitta.it,Male,36.206.124.217
633,Grier,Manthorpe,gmanthorpehk@biblegateway.com,Female,206.193.104.242
634,Woody,Rudge,wrudgehl@opera.com,Male,70.25.63.156
635,Giacobo,Jouhning,gjouhninghm@ocn.ne.jp,Agender,78.63.146.13
636,Yorgos,Decort,ydecorthn@studiopress.com,Male,182.93.200.75
637,Lilla,Hebborne,lhebborneho@opensource.org,Female,148.147.3.125
638,Catherina,Blackston,cblackstonhp@qq.com,Female,74.83.152.186
639,Debbi,Mokes,dmokeshq@lycos.com,Female,247.196.227.57
640,Morrie,Baxill,mbaxillhr@pinterest.com,Male,229.11.203.81
641,King,Leckenby,kleckenbyhs@abc.net.au,Male,234.144.82.64
642,Dael,Lenin,dleninht@ustream.tv,Female,240.133.76.86
643,Federica,Ceeley,fceeleyhu@newyorker.com,Female,244.47.92.250
644,Ivonne,Samwaye,isamwayehv@prweb.com,Female,108.191.153.100
645,Ceciley,Betz,cbetzhw@icq.com,Female,25.11.200.174
646,Kalle,Normand,knormandhx@w3.org,Male,167.136.118.133
647,Freemon,Bucher,fbucherhy@microsoft.com,Male,147.236.220.21
648,Mandel,Deakes,mdeakeshz@unesco.org,Male,208.108.74.125
649,Roberto,Weald,rwealdi0@hexun.com,Male,154.151.80.200
650,Alix,Thackray,athackrayi1@de.vu,Female,147.172.23.55
651,Huberto,Vern,hverni2@i2i.jp,Male,144.94.213.160
652,Garey,Vanyushkin,gvanyushkini3@irs.gov,Male,19.128.171.73
653,Bili,Baume,bbaumei4@home.pl,Female,143.26.255.54
654,Pryce,Pawlata,ppawlatai5@ebay.co.uk,Male,128.78.238.91
655,Eran,Thorn,ethorni6@woothemes.com,Female,37.146.5.161
656,Leeland,Fruen,lfrueni7@cnn.com,Male,90.180.32.79
657,Gusta,Boddymead,gboddymeadi8@facebook.com,Female,79.81.69.37
658,Coreen,Spurgin,cspurgini9@nifty.com,Female,68.245.154.51
659,Glenna,Rielly,griellyia@symantec.com,Female,233.162.252.23
660,Robby,Rosenthaler,rrosenthalerib@cargocollective.com,Bigender,234.245.122.175
661,Nikolas,Kubec,nkubecic@yelp.com,Male,96.44.53.232
662,Pauletta,Sterricks,psterricksid@w3.org,Female,20.129.137.177
663,Hope,Thewys,hthewysie@behance.net,Female,203.139.95.32
664,Livvy,Weiss,lweissif@csmonitor.com,Polygender,27.142.249.6
665,Audie,Feedham,afeedhamig@mayoclinic.com,Female,68.198.25.238
666,Rodrique,Vockins,rvockinsih@mysql.com,Male,31.208.211.237
667,Janos,Harcourt,jharcourtii@blog.com,Male,128.50.253.156
668,Ryann,Cassidy,rcassidyij@google.fr,Female,194.97.206.133
669,Talbert,Ley,tleyik@springer.com,Male,79.111.228.222
670,Chucho,Charette,ccharetteil@msn.com,Male,195.213.244.34
671,Tanny,Blaiklock,tblaiklockim@vinaora.com,Non-binary,230.176.190.197
672,Lucienne,Harridge,lharridgein@cam.ac.uk,Female,10.192.246.86
673,Viviene,Southcomb,vsouthcombio@stanford.edu,Bigender,138.84.68.37
674,Findley,Lamke,flamkeip@youtube.com,Male,40.146.41.209
675,Elwyn,Flippini,eflippiniiq@wp.com,Male,144.17.13.45
676,Rivalee,Spiteri,rspiteriir@myspace.com,Female,20.189.151.201
677,Caro,Quittonden,cquittondenis@zdnet.com,Genderfluid,69.31.230.16
678,Rosanne,Conniam,rconniamit@dion.ne.jp,Female,135.97.17.217
679,Mirelle,Simeon,msimeoniu@bbc.co.uk,Female,162.155.57.173
680,Stavro,Puleque,spulequeiv@netlog.com,Male,162.238.99.47
681,Claiborn,Vamplew,cvamplewiw@yahoo.com,Male,252.205.59.204
682,Clareta,Zorzini,czorziniix@topsy.com,Female,193.90.15.218
683,Rad,Stubbes,rstubbesiy@princeton.edu,Male,175.49.59.16
684,Marcy,O'Carran,mocarraniz@taobao.com,Female,48.176.49.136
685,Jaimie,Stritton,jstrittonj0@springer.com,Male,179.126.207.36
686,Lyn,Forcer,lforcerj1@deliciousdays.com,Female,143.127.242.83
687,Peggy,Colthard,pcolthardj2@comcast.net,Female,231.122.103.194
688,Wenonah,Gellier,wgellierj3@census.gov,Female,101.226.41.97
689,Hieronymus,Lecky,hleckyj4@rediff.com,Male,109.245.146.12
690,Roma,Ferdinand,rferdinandj5@ca.gov,Male,87.103.39.35
691,Ollie,Wyld,owyldj6@wsj.com,Male,194.181.38.187
692,Alfons,Pischoff,apischoffj7@netscape.com,Male,15.89.216.238
693,Robert,Randle,rrandlej8@people.com.cn,Male,147.137.151.30
694,Neala,Egginton,neggintonj9@ibm.com,Female,33.95.90.89
695,Loutitia,Dacombe,ldacombeja@fotki.com,Female,180.224.156.152
696,Dulci,Kettley,dkettleyjb@i2i.jp,Polygender,139.184.47.14
697,Francklyn,Davinet,fdavinetjc@china.com.cn,Male,0.129.168.190
698,Brynna,Tottie,btottiejd@scribd.com,Female,59.178.15.203
699,Trumann,Bertomeu,tbertomeuje@chicagotribune.com,Male,83.156.142.127
700,Cedric,Peiser,cpeiserjf@moonfruit.com,Male,167.238.147.240
701,Nerissa,Kingdom,nkingdomjg@altervista.org,Female,69.129.115.7
702,Cesya,Bloodworth,cbloodworthjh@wp.com,Female,199.234.39.128
703,Myrle,Tolan,mtolanji@google.de,Female,131.145.135.194
704,Trevar,Sivills,tsivillsjj@123-reg.co.uk,Male,59.21.76.249
705,Claudianus,Dennistoun,cdennistounjk@sakura.ne.jp,Male,235.148.60.8
706,Jay,Pitman,jpitmanjl@deliciousdays.com,Male,78.10.76.40
707,Cristina,Duffil,cduffiljm@berkeley.edu,Female,255.135.255.23
708,Sheila,Huckell,shuckelljn@biglobe.ne.jp,Female,174.242.85.247
709,Franny,Kluger,fklugerjo@accuweather.com,Female,139.68.152.178
710,Dedra,Rentoul,drentouljp@gravatar.com,Female,142.185.250.238
711,Alberta,Simonett,asimonettjq@friendfeed.com,Female,209.108.10.124
712,Anastassia,Buttriss,abuttrissjr@ca.gov,Female,92.80.236.95
713,Modestia,Meynell,mmeynelljs@nydailynews.com,Female,35.179.96.103
714,Fonzie,Ham,fhamjt@hugedomains.com,Male,84.91.191.115
715,Aili,Balaison,abalaisonju@miibeian.gov.cn,Female,72.218.17.103
716,Hamilton,Dann,hdannjv@eventbrite.com,Male,195.103.5.214
717,Vaughn,Vanacci,vvanaccijw@cnn.com,Male,57.147.155.149
718,Germayne,Thomasset,gthomassetjx@unc.edu,Male,114.22.15.37
719,Max,Jenno,mjennojy@tmall.com,Female,98.221.54.4
720,Jocko,Lazonby,jlazonbyjz@linkedin.com,Male,193.124.251.252
721,Minetta,Zipsell,mzipsellk0@ftc.gov,Female,147.32.253.115
722,Ahmad,Sadat,asadatk1@house.gov,Male,228.93.49.68
723,Willi,Lear,wleark2@cmu.edu,Male,9.53.30.26
724,Rolph,Karpman,rkarpmank3@tmall.com,Male,236.79.46.134
725,Saxon,Askew,saskewk4@surveymonkey.com,Male,50.26.45.160
726,Nert,Been,nbeenk5@oaic.gov.au,Female,50.163.221.60
727,Dorine,Kristufek,dkristufekk6@twitpic.com,Female,190.201.49.145
728,Horatius,Spavins,hspavinsk7@alibaba.com,Male,20.231.75.8
729,Gilbertina,Smiley,gsmileyk8@shutterfly.com,Female,213.66.216.205
730,Nan,Presnell,npresnellk9@bbc.co.uk,Female,98.25.43.206
731,Boris,Giacobo,bgiacoboka@blogger.com,Male,9.220.177.54
732,Lawrence,Baud,lbaudkb@hatena.ne.jp,Male,244.7.253.122
733,Theodore,Slide,tslidekc@cnn.com,Male,78.171.180.8
734,Gwendolyn,Vokes,gvokeskd@arstechnica.com,Female,210.168.163.85
735,Sheilakathryn,Vyse,svyseke@google.it,Bigender,155.156.133.51
736,Ainslie,Mannin,amanninkf@yellowpages.com,Genderqueer,222.243.197.115
737,Red,Sawbridge,rsawbridgekg@so-net.ne.jp,Male,71.198.96.4
738,Celie,Hoovart,choovartkh@yale.edu,Female,33.133.113.88
739,Kessia,Rains,krainski@economist.com,Female,248.100.10.115
740,Dietrich,Alekseev,dalekseevkj@ucla.edu,Male,17.51.64.203
741,Annamarie,Woollends,awoollendskk@archive.org,Female,91.162.15.55
742,Rodolfo,Ayton,raytonkl@mayoclinic.com,Male,237.197.93.42
743,Vitoria,Nunnerley,vnunnerleykm@wisc.edu,Female,7.189.54.79
744,Janaye,Tradewell,jtradewellkn@vkontakte.ru,Female,181.17.82.85
745,Cathleen,Efford,ceffordko@wufoo.com,Agender,218.10.37.143
746,Beryl,Greenaway,bgreenawaykp@is.gd,Female,211.222.164.19
747,Alene,Ogelsby,aogelsbykq@nba.com,Female,82.16.188.96
748,Kip,Derrett,kderrettkr@netvibes.com,Male,238.75.207.181
749,Dosi,Aveling,davelingks@angelfire.com,Agender,99.126.77.19
750,Gavrielle,Morphet,gmorphetkt@quantcast.com,Agender,41.216.224.113
751,Yetty,Stotherfield,ystotherfieldku@histats.com,Female,187.123.163.153
752,Eldridge,Pitway,epitwaykv@npr.org,Male,174.91.38.226
753,Rhodie,Matus,rmatuskw@spotify.com,Female,74.127.230.131
754,Lucho,Davy,ldavykx@google.com.hk,Male,103.74.82.252
755,Lexis,Burd,lburdky@storify.com,Female,1.89.226.20
756,Jocelyne,Fletcher,jfletcherkz@eepurl.com,Genderqueer,26.15.167.162
757,Dael,Gask,dgaskl0@wikispaces.com,Female,218.61.177.205
758,Heath,Levermore,hlevermorel1@wikispaces.com,Male,79.19.131.90
759,Blakeley,McPolin,bmcpolinl2@tumblr.com,Female,136.136.59.166
760,Pepito,Lelande,plelandel3@blogger.com,Male,132.22.176.193
761,Cymbre,Aggis,caggisl4@topsy.com,Female,54.107.71.45
762,Debra,Broader,dbroaderl5@vkontakte.ru,Female,81.125.170.111
763,Nerte,Ife,nifel6@weibo.com,Female,131.55.164.224
764,Vladimir,Lownie,vlowniel7@psu.edu,Agender,231.4.226.165
765,Diarmid,Worshall,dworshalll8@taobao.com,Male,30.64.115.145
766,Ado,Aleswell,aaleswelll9@tmall.com,Male,106.12.16.129
767,Andeee,Habbert,ahabbertla@discovery.com,Female,188.25.76.177
768,Holden,Ingon,hingonlb@360.cn,Male,145.46.160.30
769,Andres,Macenzy,amacenzylc@slideshare.net,Male,139.50.3.248
770,Mead,Winsper,mwinsperld@webnode.com,Male,185.66.164.249
771,Micheline,Oldall,moldallle@tiny.cc,Female,123.110.3.25
772,Leroy,Trees,ltreeslf@cbslocal.com,Male,121.184.210.99
773,Avie,Renny,arennylg@vimeo.com,Female,144.16.56.188
774,Rolland,Noblet,rnobletlh@ox.ac.uk,Male,121.118.37.85
775,Arlena,Child,achildli@msn.com,Female,182.58.172.178
776,Zackariah,Venny,zvennylj@ucoz.com,Non-binary,117.0.160.250
777,Tan,Aizic,taiziclk@springer.com,Bigender,89.244.92.153
778,Fabian,Imison,fimisonll@wikispaces.com,Male,184.163.90.2
779,Bob,Manby,bmanbylm@twitpic.com,Male,25.68.141.166
780,Rae,Bartlosz,rbartloszln@whitehouse.gov,Female,104.79.76.14
781,Ernestine,MacCardle,emaccardlelo@ox.ac.uk,Female,239.36.107.227
782,Allard,Bartalini,abartalinilp@desdev.cn,Male,37.253.191.65
783,Elicia,Lynskey,elynskeylq@cornell.edu,Female,88.229.255.57
784,Tamra,Babe,tbabelr@uol.com.br,Female,158.228.4.152
785,Parsifal,Snowball,psnowballls@aol.com,Male,0.216.89.13
786,Noella,Houten,nhoutenlt@facebook.com,Female,174.12.110.243
787,Silvester,Nairy,snairylu@ow.ly,Male,127.58.15.14
788,Gene,Warrack,gwarracklv@pen.io,Female,51.234.177.163
789,Neron,Pavia,npavialw@smh.com.au,Male,120.20.14.249
790,Leese,Fortun,lfortunlx@wufoo.com,Female,97.36.64.164
791,Arne,Attewill,aattewillly@businessweek.com,Male,139.175.209.35
792,Clayson,Tocher,ctocherlz@imgur.com,Male,60.182.215.205
793,Fan,Kilcullen,fkilcullenm0@oakley.com,Female,177.230.99.235
794,Maurita,Pawelek,mpawelekm1@ebay.co.uk,Female,63.206.159.97
795,Mendie,Mealing,mmealingm2@addthis.com,Male,6.4.62.102
796,Effie,McKibbin,emckibbinm3@squarespace.com,Female,201.227.255.167
797,Andres,Prisley,aprisleym4@squarespace.com,Male,107.194.158.83
798,Cookie,Mossdale,cmossdalem5@meetup.com,Female,6.46.148.124
799,Patrizius,Dobbins,pdobbinsm6@photobucket.com,Male,24.96.229.229
800,Bar,Shooter,bshooterm7@unesco.org,Male,62.207.148.20
801,Sandi,Bourke,sbourkem8@ask.com,Non-binary,226.19.216.253
802,Maddie,Peet,mpeetm9@umich.edu,Male,244.134.94.145
803,Joceline,McAvey,jmcaveyma@livejournal.com,Female,22.171.152.102
804,Jodie,Newbery,jnewberymb@ezinearticles.com,Female,150.248.186.185
805,Lesly,Huddleston,lhuddlestonmc@goo.gl,Female,211.153.12.187
806,Lotti,Drakes,ldrakesmd@timesonline.co.uk,Female,65.62.162.89
807,Paolo,Sparway,psparwayme@addthis.com,Genderfluid,105.35.75.64
808,Massimiliano,Matton,mmattonmf@nbcnews.com,Genderqueer,126.233.215.182
809,Tootsie,De la Feld,tdelafeldmg@wunderground.com,Polygender,9.191.37.100
810,Jacynth,Moncey,jmonceymh@ucsd.edu,Female,69.84.241.148
811,Meggi,Delacoste,mdelacostemi@squarespace.com,Female,120.223.49.119
812,Tabby,Ottiwill,tottiwillmj@istockphoto.com,Bigender,64.56.123.133
813,Freddie,Brashaw,fbrashawmk@wunderground.com,Female,183.228.185.189
814,Madge,Sieur,msieurml@example.com,Genderqueer,98.165.99.157
815,Hope,Medina,hmedinamm@cbslocal.com,Female,10.205.14.228
816,Lynnett,Rizon,lrizonmn@independent.co.uk,Female,218.40.116.60
817,Manuel,Tolotti,mtolottimo@google.fr,Male,212.200.39.5
818,Dugald,Ruxton,druxtonmp@etsy.com,Male,2.176.10.192
819,Tallie,Messitt,tmessittmq@twitpic.com,Female,93.162.14.46
820,Curran,Ixer,cixermr@google.cn,Male,225.114.7.171
821,Myrtice,Shernock,mshernockms@cbslocal.com,Female,207.36.148.235
822,Merrilee,Kimber,mkimbermt@nps.gov,Female,66.180.132.158
823,Gerry,Chesher,gcheshermu@youku.com,Male,87.153.77.201
824,Sayre,Moule,smoulemv@discovery.com,Male,235.238.130.177
825,Octavia,Stroud,ostroudmw@naver.com,Female,66.193.36.144
826,Lionel,Fishpond,lfishpondmx@tinypic.com,Male,173.254.46.54
827,Javier,Presidey,jpresideymy@earthlink.net,Male,33.180.94.242
828,Mikey,Perton,mpertonmz@php.net,Male,44.30.243.79
829,Godwin,Murrey,gmurreyn0@hc360.com,Male,16.125.160.123
830,Thaine,Isgar,tisgarn1@opera.com,Genderqueer,186.188.196.126
831,Anetta,Wace,awacen2@theglobeandmail.com,Female,239.106.121.82
832,Rodger,Heintsch,rheintschn3@tinypic.com,Male,179.182.56.106
833,Lucille,Winspurr,lwinspurrn4@nyu.edu,Female,21.55.185.194
834,Willie,Duffil,wduffiln5@apache.org,Male,176.19.132.162
835,Ellary,Wagstaffe,ewagstaffen6@home.pl,Male,33.80.126.11
836,Millard,Dachey,mdacheyn7@usgs.gov,Male,19.52.107.193
837,Gayleen,Gilhooley,ggilhooleyn8@amazonaws.com,Female,112.149.120.178
838,Eva,Elgood,eelgoodn9@youtu.be,Female,32.179.96.196
839,Bertie,Dessaur,bdessaurna@scientificamerican.com,Male,22.122.28.27
840,Giles,Pionter,gpionternb@washington.edu,Male,55.165.116.126
841,Ellary,Leaburn,eleaburnnc@hp.com,Male,207.114.190.71
842,Jilly,Kerrich,jkerrichnd@columbia.edu,Female,61.92.62.203
843,Wilt,Comber,wcomberne@home.pl,Male,89.238.135.220
844,Wolfy,Haslewood,whaslewoodnf@storify.com,Male,252.108.194.18
845,Noami,Olensby,nolensbyng@jugem.jp,Female,94.255.65.47
846,Wilhelmine,Sheers,wsheersnh@bbb.org,Female,242.220.28.75
847,Virgie,Castanares,vcastanaresni@google.com.br,Female,136.89.17.10
848,Loralyn,Branwhite,lbranwhitenj@timesonline.co.uk,Female,48.40.125.188
849,Irvine,Maxweell,imaxweellnk@comcast.net,Male,72.255.123.188
850,Gail,Austin,gaustinnl@amazon.co.jp,Male,33.18.17.23
851,Maxim,Davenhall,mdavenhallnm@tiny.cc,Male,229.150.142.224
852,Grazia,Hegden,ghegdennn@loc.gov,Polygender,31.78.223.159
853,Hendrick,Goodlife,hgoodlifeno@nih.gov,Male,2.94.78.85
854,Demetre,Tomaini,dtomaininp@home.pl,Male,154.207.77.109
855,Claire,Le Teve,cletevenq@netvibes.com,Male,37.211.158.247
856,Clementine,Alban,calbannr@gizmodo.com,Female,75.59.166.89
857,Dominik,Montrose,dmontrosens@blogtalkradio.com,Male,150.81.198.30
858,Caspar,O'Quin,coquinnt@netlog.com,Male,235.234.167.230
859,Manny,Brettell,mbrettellnu@moonfruit.com,Male,247.214.106.242
860,Heidie,Ryhorovich,hryhorovichnv@nps.gov,Female,167.127.75.173
861,Bradney,Leifer,bleifernw@artisteer.com,Male,76.29.218.27
862,Tybalt,Davidson,tdavidsonnx@youtu.be,Male,111.184.252.65
863,Linus,Meggison,lmeggisonny@elpais.com,Male,15.206.12.212
864,Birch,Pedwell,bpedwellnz@ihg.com,Male,230.27.59.177
865,Breanne,Griswood,bgriswoodo0@bloglovin.com,Female,59.167.152.71
866,Burl,Lere,blereo1@reuters.com,Male,54.72.180.39
867,Cyrill,Peregrine,cperegrineo2@lycos.com,Male,188.206.146.19
868,Talia,Babidge,tbabidgeo3@t-online.de,Female,28.8.78.42
869,Misha,Skeates,mskeateso4@ihg.com,Female,189.162.189.170
870,Loise,Dace,ldaceo5@joomla.org,Female,34.84.229.135
871,Jonell,Flitcroft,jflitcrofto6@storify.com,Female,40.78.130.145
872,Ulysses,Krolman,ukrolmano7@marriott.com,Male,54.154.149.229
873,Kania,Arthan,karthano8@google.com.au,Female,55.35.144.183
874,Fayina,MacGillacolm,fmacgillacolmo9@upenn.edu,Female,95.244.166.227
875,Miranda,Daviddi,mdaviddioa@intel.com,Female,191.157.202.67
876,Saunderson,Leyborne,sleyborneob@va.gov,Male,227.57.170.21
877,Tybie,Kirman,tkirmanoc@cnn.com,Female,53.212.6.155
878,Marion,Govan,mgovanod@miibeian.gov.cn,Female,170.77.143.42
879,Gabey,Cocksedge,gcocksedgeoe@comcast.net,Genderfluid,94.92.79.3
880,Caritta,Trelease,ctreleaseof@utexas.edu,Female,201.206.131.102
881,Calley,Carbert,ccarbertog@alibaba.com,Female,89.40.123.44
882,Muire,Cardis,mcardisoh@bigcartel.com,Female,163.197.139.58
883,Bessy,Jouhan,bjouhanoi@desdev.cn,Female,239.198.93.144
884,Zebulon,Anfossi,zanfossioj@cbc.ca,Male,210.36.184.225
885,Stefano,Spinetti,sspinettiok@wiley.com,Male,139.213.250.25
886,Gert,Normansell,gnormansellol@php.net,Female,21.66.201.76
887,Debee,Seaward,dseawardom@businessweek.com,Female,19.38.218.126
888,Ferdinanda,Keir,fkeiron@cnet.com,Female,76.55.29.201
889,Noak,Sarge,nsargeoo@desdev.cn,Polygender,69.158.85.34
890,Valentino,Kentish,vkentishop@netscape.com,Male,127.163.240.24
891,Rance,Cutbirth,rcutbirthoq@cbsnews.com,Male,172.158.127.2
892,Lucilia,Mussared,lmussaredor@ehow.com,Polygender,33.131.60.126
893,Willetta,Burk,wburkos@histats.com,Female,183.198.227.234
894,Reginald,Chatwood,rchatwoodot@addthis.com,Male,57.41.75.117
895,Adolphe,Philippeaux,aphilippeauxou@apple.com,Male,172.240.11.172
896,Gasparo,Kennan,gkennanov@indiegogo.com,Male,106.54.183.110
897,Gussie,Hill,ghillow@diigo.com,Female,97.62.215.121
898,Delano,Dinwoodie,ddinwoodieox@ox.ac.uk,Male,120.10.4.27
899,Celesta,Anglish,canglishoy@smugmug.com,Female,172.56.228.204
900,Ada,Rosenblath,arosenblathoz@jiathis.com,Female,145.142.52.61
901,Jamey,De Cleyne,jdecleynep0@histats.com,Male,164.215.239.83
902,Jenica,Melato,jmelatop1@gizmodo.com,Female,204.145.171.233
903,Arley,Pentony,apentonyp2@netscape.com,Male,161.71.143.239
904,Skipper,Lamke,slamkep3@netscape.com,Male,30.5.107.198
905,Simone,Carruth,scarruthp4@stumbleupon.com,Male,159.68.47.67
906,Andreas,Barnwill,abarnwillp5@accuweather.com,Male,141.172.151.227
907,Guthry,Morehall,gmorehallp6@europa.eu,Male,146.68.208.19
908,Godfree,Waliszewski,gwaliszewskip7@godaddy.com,Male,184.209.120.18
909,Garwood,Mulmuray,gmulmurayp8@wsj.com,Male,86.206.159.26
910,Carly,Yakovich,cyakovichp9@unicef.org,Male,17.89.20.109
911,Aimee,Cogdon,acogdonpa@statcounter.com,Female,254.80.83.157
912,Genovera,Pund,gpundpb@vistaprint.com,Polygender,165.14.118.238
913,Magda,Orman,mormanpc@uol.com.br,Female,175.66.61.227
914,Andromache,Bleackly,ableacklypd@blogtalkradio.com,Female,40.37.244.188
915,Connie,Trelevan,ctrelevanpe@freewebs.com,Female,251.123.107.70
916,Annamaria,Scrimshire,ascrimshirepf@mapy.cz,Female,96.122.88.11
917,Haven,Macenzy,hmacenzypg@photobucket.com,Male,223.170.246.178
918,Clyde,Najera,cnajeraph@webeden.co.uk,Polygender,139.76.127.61
919,Ole,Scrimgeour,oscrimgeourpi@parallels.com,Agender,202.85.191.31
920,Nadean,Anderson,nandersonpj@fotki.com,Female,89.73.42.137
921,Boy,Wickwarth,bwickwarthpk@bizjournals.com,Male,229.241.164.172
922,Mari,MacAnelley,mmacanelleypl@delicious.com,Female,86.122.115.2
923,Milton,Franey,mfraneypm@ow.ly,Male,189.14.120.177
924,Brooks,Kubanek,bkubanekpn@shareasale.com,Female,233.222.163.190
925,Carmine,Colleran,ccolleranpo@xrea.com,Male,105.42.98.92
926,Eleonora,Blakden,eblakdenpp@answers.com,Female,158.192.190.93
927,Kerianne,Gossage,kgossagepq@archive.org,Female,110.219.105.30
928,Franny,Fechnie,ffechniepr@va.gov,Genderqueer,233.236.171.246
929,Gunter,Pergens,gpergensps@blogtalkradio.com,Male,184.121.118.201
930,Jessalin,Townsend,jtownsendpt@ca.gov,Female,42.167.240.225
931,Audre,Lartice,alarticepu@uiuc.edu,Female,61.224.200.109
932,Cosimo,Gouly,cgoulypv@surveymonkey.com,Male,166.112.41.231
933,Zita,Rableau,zrableaupw@ebay.com,Female,73.218.26.238
934,Clarey,Bolley,cbolleypx@people.com.cn,Agender,28.95.183.228
935,Cleve,Mortell,cmortellpy@cisco.com,Male,181.188.216.134
936,Mervin,Blundel,mblundelpz@go.com,Male,14.109.206.196
937,Natasha,Kobiera,nkobieraq0@cdbaby.com,Female,130.5.132.221
938,Joellyn,Spawton,jspawtonq1@example.com,Female,136.125.45.172
939,See,Muckleston,smucklestonq2@last.fm,Non-binary,211.213.7.250
940,Zachariah,Wile,zwileq3@barnesandnoble.com,Male,222.17.249.152
941,Cheslie,Pawlaczyk,cpawlaczykq4@t-online.de,Female,202.129.66.189
942,Bendite,Donkersley,bdonkersleyq5@globo.com,Female,204.173.101.94
943,David,Cowin,dcowinq6@phoca.cz,Male,148.59.74.190
944,Tam,Shawdforth,tshawdforthq7@meetup.com,Male,127.190.139.58
945,Mirella,Causer,mcauserq8@homestead.com,Female,101.10.151.102
946,Letizia,Messent,lmessentq9@miibeian.gov.cn,Female,143.248.165.247
947,Cathryn,Syfax,csyfaxqa@ftc.gov,Female,203.226.198.166
948,Garrick,Norsworthy,gnorsworthyqb@youtube.com,Male,29.169.246.85
949,Bary,Rikard,brikardqc@huffingtonpost.com,Male,72.148.58.134
950,Calida,Gorthy,cgorthyqd@csmonitor.com,Female,210.219.138.191
951,Aretha,Oene,aoeneqe@chicagotribune.com,Female,41.160.211.231
952,Westleigh,Louch,wlouchqf@pen.io,Non-binary,247.242.14.167
953,Nickey,Hattoe,nhattoeqg@mapy.cz,Male,98.89.94.31
954,Shir,Shippey,sshippeyqh@jigsy.com,Female,4.205.229.46
955,Zachary,Gerrad,zgerradqi@example.com,Male,93.226.158.83
956,Emmet,Blockwell,eblockwellqj@blogspot.com,Male,13.104.24.66
957,Giorgi,Scapens,gscapensqk@networksolutions.com,Male,2.128.215.62
958,Janna,Eakle,jeakleql@studiopress.com,Agender,41.142.123.0
959,Polly,Rothert,prothertqm@topsy.com,Genderfluid,195.76.73.51
960,Alix,Oxenbury,aoxenburyqn@indiatimes.com,Genderqueer,37.172.12.52
961,Leslie,Rodear,lrodearqo@ucla.edu,Male,123.14.23.226
962,Toinette,Bolstridge,tbolstridgeqp@paginegialle.it,Female,157.47.134.117
963,Rozelle,Powelee,rpoweleeqq@miibeian.gov.cn,Female,62.27.134.194
964,Robbie,Baggs,rbaggsqr@fastcompany.com,Male,66.127.77.253
965,Myer,Strudwick,mstrudwickqs@tumblr.com,Male,118.232.164.166
966,Hollie,Dows,hdowsqt@studiopress.com,Female,205.64.181.151
967,Lewes,Smalcombe,lsmalcombequ@nature.com,Polygender,11.206.69.38
968,Caleb,Annandale,cannandaleqv@icio.us,Male,129.23.49.191
969,Gilberta,Brabham,gbrabhamqw@cafepress.com,Bigender,212.94.216.152
970,Hewitt,Ziemke,hziemkeqx@technorati.com,Male,240.80.238.177
971,Paula,Abarough,pabaroughqy@baidu.com,Female,217.184.155.182
972,Lorilyn,Kinworthy,lkinworthyqz@china.com.cn,Bigender,179.43.107.241
973,Nicolais,Chatan,nchatanr0@bbb.org,Male,94.210.158.195
974,Keenan,Losbie,klosbier1@tripod.com,Male,101.163.189.219
975,Bobbee,Boutell,bboutellr2@harvard.edu,Non-binary,7.192.151.28
976,Atlanta,Argrave,aargraver3@yelp.com,Female,248.32.251.124
977,Emilio,Cranmer,ecranmerr4@mayoclinic.com,Male,140.104.15.215
978,Mari,Burthom,mburthomr5@fotki.com,Female,231.17.84.84
979,Kareem,Liles,klilesr6@walmart.com,Male,222.82.191.181
980,Trefor,Bernolet,tbernoletr7@yale.edu,Male,123.136.92.2
981,Ursuline,Doeg,udoegr8@japanpost.jp,Agender,200.118.160.24
982,Audra,Giamelli,agiamellir9@squarespace.com,Female,139.96.186.40
983,Dasie,Penni,dpennira@home.pl,Female,150.44.247.78
984,Hillery,Leile,hleilerb@chron.com,Male,204.217.148.52
985,Vicki,Howe,vhowerc@google.fr,Female,139.19.95.84
986,Friedrich,Dufaire,fdufairerd@japanpost.jp,Genderqueer,11.181.68.25
987,Burtie,Perrigo,bperrigore@hc360.com,Male,33.101.64.66
988,Nilson,Wraighte,nwraighterf@mashable.com,Male,47.29.114.188
989,Dudley,Northley,dnorthleyrg@free.fr,Male,3.235.29.5
990,Glennis,Whewill,gwhewillrh@reuters.com,Female,152.44.107.13
991,Alayne,Terese,atereseri@webs.com,Female,74.136.101.61
992,Kurtis,Pirri,kpirrirj@google.com.au,Male,53.66.6.169
993,Debbie,Gladdolph,dgladdolphrk@deviantart.com,Female,207.26.191.199
994,Teodor,Foster-Smith,tfostersmithrl@woothemes.com,Male,244.116.2.225
995,Elizabeth,Troker,etrokerrm@facebook.com,Female,111.6.158.94
996,Mohandis,Fevers,mfeversrn@list-manage.com,Male,193.88.210.132
997,Lanny,Keave,lkeavero@cmu.edu,Female,52.241.120.165
998,Giralda,Ebden,gebdenrp@phpbb.com,Female,24.126.6.170
999,Benedict,Hainsworth,bhainsworthrq@kickstarter.com,Male,37.242.93.227
1000,Carlin,Mayer,cmayerrr@hostgator.com,Female,84.124.66.140
