id,first_name,last_name,email,gender,ip_address
1,Nickola,Maryet,nmaryet0@biglobe.ne.jp,Agender,66.27.57.20
2,Carolus,Matton,cmatton1@histats.com,Agender,227.222.87.101
3,Rutledge,MacPike,rmacpike2@cam.ac.uk,Male,248.243.209.62
4,Donall,Stollenbecker,dstollenbecker3@elegantthemes.com,Male,222.154.4.176
5,Tommi,Varty,tvarty4@examiner.com,Female,142.83.35.58
6,Martie,Hartup,mhartup5@aboutads.info,Bigender,54.218.158.74
7,Jessa,Gwilt,jgwilt6@rambler.ru,Female,212.130.184.181
8,Brennen,Swann,bswann7@instagram.com,Male,0.31.150.55
9,Boothe,Jaxon,bjaxon8@myspace.com,Male,196.60.36.206
10,Alfons,Hansemann,ahansemann9@storify.com,Male,128.88.49.135
11,Yetta,Fanton,yfantona@businessweek.com,Female,87.124.101.245
12,Zonnya,Gurry,zgurryb@merriam-webster.com,Female,34.23.204.3
13,Raye,Vasilov,rvasilovc@ed.gov,Female,199.72.227.4
14,Lillian,Fairnie,lfairnied@tiny.cc,Female,1.85.143.210
15,Dominick,Oldland,doldlande@sitemeter.com,Non-binary,199.152.32.204
16,Alfy,Becker,abeckerf@slate.com,Genderqueer,47.87.17.148
17,Richmound,Cauldwell,rcauldwellg@amazon.de,Male,139.12.203.226
18,Riobard,Battey,rbatteyh@admin.ch,Male,70.157.230.136
19,Sherm,Svanetti,ssvanettii@rediff.com,Male,239.210.51.51
20,Thedric,Platt,tplattj@i2i.jp,Male,43.202.27.212
21,Alic,Cowthart,acowthartk@cloudflare.com,Male,153.25.61.90
22,Tildi,Duckworth,tduckworthl@mac.com,Female,70.74.120.106
23,Thurstan,Canceller,tcancellerm@goo.gl,Male,111.229.4.243
24,Codee,Gill,cgilln@mapquest.com,Female,3.167.225.39
25,Talbert,Hundal,thundalo@usnews.com,Male,76.245.128.66
26,Tristan,Wild,twildp@walmart.com,Male,40.120.121.171
27,Giraud,Gloster,gglosterq@artisteer.com,Male,32.247.118.9
28,Winna,Sangwin,wsangwinr@facebook.com,Female,42.85.79.4
29,Phillis,Bontine,pbontines@dmoz.org,Female,2.222.125.238
30,Kellen,Rutigliano,krutiglianot@google.pl,Female,163.211.218.35
31,Mora,Banford,mbanfordu@github.io,Female,21.6.46.73
32,Athene,Kennett,akennettv@cnbc.com,Female,223.206.209.8
33,Shea,Aizikovitch,saizikovitchw@opera.com,Male,198.220.42.6
34,Jaye,Diggens,jdiggensx@gnu.org,Male,198.239.222.169
35,Willy,Balchen,wbalcheny@baidu.com,Female,132.221.72.226
36,Nikolos,Pymer,npymerz@whitehouse.gov,Male,150.79.176.18
37,Merilee,Amort,mamort10@lycos.com,Female,112.202.33.151
38,Lammond,Simper,lsimper11@berkeley.edu,Male,125.53.175.22
39,Renault,Folley,rfolley12@jigsy.com,Male,123.119.188.248
40,Cosme,Sussams,csussams13@smh.com.au,Male,245.156.61.152
41,Anitra,Arran,aarran14@icio.us,Agender,210.97.72.71
42,Fay,Grinov,fgrinov15@shinystat.com,Female,139.25.251.92
43,Noll,Maha,nmaha16@gizmodo.com,Genderfluid,187.22.6.171
44,Karlis,De Leek,kdeleek17@youtube.com,Male,34.204.73.33
45,Zarah,Semens,zsemens18@constantcontact.com,Female,202.65.27.68
46,Theodore,Vader,tvader19@java.com,Polygender,249.253.54.30
47,Rhetta,Loadman,rloadman1a@who.int,Female,111.249.59.211
48,Tannie,Raistrick,traistrick1b@samsung.com,Male,100.154.176.13
49,Saul,O'Brallaghan,sobrallaghan1c@bbb.org,Male,48.90.230.239
50,Tabina,Kaufman,tkaufman1d@mail.ru,Female,159.0.62.16
51,Maxy,Pandie,mpandie1e@skype.com,Female,210.51.233.169
52,Davine,Simonetti,dsimonetti1f@merriam-webster.com,Female,48.132.240.131
53,Thor,Reedick,treedick1g@topsy.com,Male,87.1.162.156
54,Cacilia,Pettingall,cpettingall1h@engadget.com,Female,103.31.53.254
55,Brandice,Shewery,bshewery1i@pbs.org,Female,100.226.187.237
56,Jaime,Paull,jpaull1j@rakuten.co.jp,Male,193.240.95.88
57,Ingram,Gatherer,igatherer1k@wsj.com,Male,148.127.227.27
58,Rebekkah,Marsh,rmarsh1l@mapy.cz,Female,210.100.123.228
59,Gaylor,Gerrell,ggerrell1m@engadget.com,Genderqueer,44.121.214.244
60,Carolan,Bumpas,cbumpas1n@newsvine.com,Female,188.10.16.46
61,Brady,Verbrugghen,bverbrugghen1o@shinystat.com,Male,146.201.27.100
62,Northrup,Besson,nbesson1p@myspace.com,Male,133.72.108.125
63,Geri,McMackin,gmcmackin1q@home.pl,Female,249.158.81.70
64,Aron,Wintle,awintle1r@deviantart.com,Male,11.108.201.190
65,Orin,Klemz,oklemz1s@telegraph.co.uk,Male,31.202.126.17
66,Chandal,Byrd,cbyrd1t@goo.gl,Female,38.74.31.72
67,Ewen,Banfill,ebanfill1u@unc.edu,Male,234.141.179.77
68,Clerissa,Kapelhof,ckapelhof1v@cbsnews.com,Genderqueer,84.19.126.152
69,Porter,McCleary,pmccleary1w@feedburner.com,Male,86.43.179.104
70,Law,Canlin,lcanlin1x@sourceforge.net,Male,224.180.109.145
71,Town,Nawton,tnawton1y@issuu.com,Male,221.38.197.203
72,Natalee,Glaysher,nglaysher1z@dropbox.com,Female,85.136.100.208
73,Frederigo,Stoyles,fstoyles20@google.com.br,Male,224.71.216.48
74,Ettore,Gear,egear21@businessweek.com,Male,146.111.42.45
75,Shari,Greeding,sgreeding22@technorati.com,Female,41.251.188.231
76,Freddie,Harkus,fharkus23@surveymonkey.com,Male,242.146.74.116
77,Barbabra,Lobley,blobley24@sfgate.com,Female,153.158.124.10
78,Jacquenette,Leguay,jleguay25@webeden.co.uk,Female,185.166.115.139
79,Meryl,Whitmell,mwhitmell26@hc360.com,Non-binary,118.72.4.213
80,Reed,Machon,rmachon27@upenn.edu,Male,176.91.226.184
81,Avram,Lawlie,alawlie28@upenn.edu,Bigender,14.109.71.240
82,Wald,Allaway,wallaway29@skype.com,Male,65.216.184.236
83,Connor,Braunston,cbraunston2a@seesaa.net,Male,228.40.118.77
84,Toby,Albany,talbany2b@surveymonkey.com,Female,153.216.133.11
85,Paula,Elham,pelham2c@mit.edu,Female,131.23.160.8
86,Harmonia,Waumsley,hwaumsley2d@dedecms.com,Female,159.72.198.131
87,Etienne,Stanmer,estanmer2e@nytimes.com,Male,16.157.198.137
88,Cortney,Fennick,cfennick2f@ovh.net,Female,4.179.229.144
89,Thor,Hannan,thannan2g@nifty.com,Male,233.130.123.141
90,Sibilla,Argo,sargo2h@unblog.fr,Female,100.12.159.253
91,Moise,Stopford,mstopford2i@nps.gov,Male,0.157.178.197
92,Saba,Bellee,sbellee2j@mysql.com,Female,34.54.210.37
93,Dulcea,Bernucci,dbernucci2k@fc2.com,Female,53.48.35.208
94,Valentino,Seton,vseton2l@tinyurl.com,Male,48.155.133.137
95,Briny,Maddrell,bmaddrell2m@themeforest.net,Female,184.244.93.65
96,Basilio,Winterbourne,bwinterbourne2n@cafepress.com,Male,4.29.233.109
97,Lou,Ferrotti,lferrotti2o@networkadvertising.org,Female,182.74.14.227
98,Robert,Paulon,rpaulon2p@cnet.com,Bigender,163.149.90.127
99,Ax,Favill,afavill2q@spotify.com,Male,33.54.47.207
100,Cloris,Pavey,cpavey2r@dagondesign.com,Female,68.180.201.186
101,Hildagard,Hardson,hhardson2s@infoseek.co.jp,Female,117.133.107.122
102,Gail,Batson,gbatson2t@cbslocal.com,Female,94.222.124.218
103,Romain,Cattanach,rcattanach2u@tinyurl.com,Male,214.157.214.187
104,Aksel,Huby,ahuby2v@parallels.com,Male,77.114.126.135
105,Pate,Speenden,pspeenden2w@hugedomains.com,Male,211.239.138.58
106,Hewie,O' Loughran,holoughran2x@jimdo.com,Male,58.159.163.131
107,Jamima,Pascow,jpascow2y@youtu.be,Female,31.22.89.130
108,Bartholomew,Whitehurst,bwhitehurst2z@yandex.ru,Male,48.55.31.78
109,Bronny,Gregoretti,bgregoretti30@discuz.net,Male,26.6.186.3
110,Sam,Gallant,sgallant31@blogtalkradio.com,Male,249.30.172.160
111,Risa,Rowena,rrowena32@webmd.com,Female,209.215.233.121
112,Conn,Belward,cbelward33@jiathis.com,Male,116.118.224.88
113,Kiersten,Shitliff,kshitliff34@ed.gov,Female,177.232.0.118
114,Aubrey,Giblin,agiblin35@twitpic.com,Male,20.191.145.29
115,Queenie,Keynes,qkeynes36@guardian.co.uk,Female,27.201.94.135
116,Kerwin,Fishlee,kfishlee37@jiathis.com,Male,125.230.138.10
117,Avril,Sevin,asevin38@aboutads.info,Female,28.199.27.191
118,Chelsey,Dany,cdany39@drupal.org,Bigender,171.196.175.243
119,Kathye,Treen,ktreen3a@domainmarket.com,Female,19.57.124.148
120,Gualterio,Hagerty,ghagerty3b@reuters.com,Male,114.153.186.133
121,Abbie,Gethyn,agethyn3c@mysql.com,Male,152.189.223.118
122,Chery,Lippini,clippini3d@earthlink.net,Female,98.16.83.98
123,Edin,Haggerwood,ehaggerwood3e@goo.ne.jp,Female,149.96.251.186
124,Heddi,Sharrocks,hsharrocks3f@sun.com,Female,215.226.28.197
125,Arlina,Bartel,abartel3g@constantcontact.com,Female,53.150.252.104
126,Brittne,Towsey,btowsey3h@cbsnews.com,Genderfluid,73.92.82.177
127,Antons,Ivashintsov,aivashintsov3i@cnet.com,Male,88.14.82.12
128,Berti,Iceton,biceton3j@tripadvisor.com,Male,86.206.56.185
129,Derward,Wones,dwones3k@last.fm,Male,206.233.23.67
130,Giffard,Goodge,ggoodge3l@vkontakte.ru,Male,32.143.71.87
131,Erroll,Hefford,ehefford3m@fc2.com,Male,77.36.179.193
132,Jena,Sicily,jsicily3n@merriam-webster.com,Genderfluid,144.107.154.27
133,Adeline,Inglish,ainglish3o@tripadvisor.com,Female,244.231.222.216
134,Carlin,Lucus,clucus3p@virginia.edu,Male,60.228.79.253
135,Delaney,Schulkins,dschulkins3q@goo.ne.jp,Male,224.182.245.216
136,Ethyl,Vashchenko,evashchenko3r@so-net.ne.jp,Female,75.185.120.170
137,Kinnie,Brown,kbrown3s@xrea.com,Male,94.233.152.224
138,Hester,Kitcherside,hkitcherside3t@ftc.gov,Agender,179.66.103.174
139,Cherri,Aspinal,caspinal3u@360.cn,Female,35.50.147.252
140,Llywellyn,Tremmel,ltremmel3v@1688.com,Male,199.89.189.238
141,Prudence,Ainscow,painscow3w@ustream.tv,Female,33.192.88.174
142,Teri,Eivers,teivers3x@cargocollective.com,Female,165.92.118.184
143,Helsa,Prowting,hprowting3y@angelfire.com,Non-binary,7.224.131.200
144,Kati,Oswell,koswell3z@hugedomains.com,Female,169.172.199.60
145,Gerard,Broom,gbroom40@smugmug.com,Male,205.253.158.78
146,Karla,Cordes,kcordes41@yellowpages.com,Female,147.248.215.34
147,Herbert,Byrnes,hbyrnes42@google.co.uk,Male,27.163.142.235
148,Glenda,Francais,gfrancais43@goo.ne.jp,Female,189.26.227.63
149,Gussi,Benzing,gbenzing44@tripod.com,Female,70.103.230.120
150,Des,Skitt,dskitt45@w3.org,Male,27.151.184.77
151,Wainwright,Dufaur,wdufaur46@sina.com.cn,Male,111.98.16.166
152,Margit,Yerborn,myerborn47@freewebs.com,Female,102.121.45.167
153,Amelita,Batterham,abatterham48@feedburner.com,Female,100.113.55.151
154,Joshuah,Lowless,jlowless49@state.gov,Male,52.170.97.252
155,Porty,Eberlein,peberlein4a@imgur.com,Male,83.136.203.53
156,Trenna,von Grollmann,tvongrollmann4b@nydailynews.com,Female,137.103.65.10
157,Mickie,Lancastle,mlancastle4c@fotki.com,Male,101.171.142.186
158,Wyatan,Ciubutaro,wciubutaro4d@smh.com.au,Male,219.182.137.94
159,Sully,Joisce,sjoisce4e@twitpic.com,Genderfluid,184.141.94.223
160,Emyle,Trapp,etrapp4f@youtu.be,Female,236.38.72.184
161,Vernice,Gelder,vgelder4g@sciencedirect.com,Non-binary,132.13.97.166
162,Berta,Hrachovec,bhrachovec4h@ifeng.com,Female,91.249.198.224
163,Tallie,Heare,theare4i@sbwire.com,Male,98.84.223.67
164,Karil,O'Lennane,kolennane4j@twitpic.com,Female,252.184.31.106
165,Rowena,Storrie,rstorrie4k@amazon.co.uk,Female,170.175.181.46
166,Arnie,De la Feld,adelafeld4l@nasa.gov,Male,10.149.89.255
167,Tulley,Bentham,tbentham4m@ed.gov,Male,70.144.242.129
168,Becki,Judkins,bjudkins4n@blinklist.com,Non-binary,138.115.199.92
169,Juliann,Hanscom,jhanscom4o@flickr.com,Female,1.206.70.147
170,Marleah,Stollberg,mstollberg4p@jigsy.com,Female,192.106.152.104
171,Noak,Pidduck,npidduck4q@icio.us,Male,223.91.207.214
172,Des,Ditchfield,dditchfield4r@businesswire.com,Male,78.39.134.97
173,Kurt,Clinnick,kclinnick4s@godaddy.com,Male,184.233.160.12
174,Rouvin,Vyel,rvyel4t@fda.gov,Male,48.153.145.95
175,Dore,Raigatt,draigatt4u@kickstarter.com,Female,34.209.105.71
176,Faunie,Revening,frevening4v@gov.uk,Genderfluid,192.53.170.250
177,Nisse,Vipan,nvipan4w@shinystat.com,Female,113.135.1.45
178,Hort,Niblock,hniblock4x@foxnews.com,Male,135.35.207.58
179,Maritsa,Ralling,mralling4y@odnoklassniki.ru,Female,113.160.112.210
180,Ramona,Reyner,rreyner4z@seesaa.net,Bigender,92.76.16.102
181,Saunderson,Downing,sdowning50@cloudflare.com,Male,166.73.58.204
182,Tanya,Kerridge,tkerridge51@newyorker.com,Female,46.33.138.117
183,Cynthie,Fahrenbacher,cfahrenbacher52@cbsnews.com,Female,70.26.218.159
184,Jemie,Crosetto,jcrosetto53@dailymotion.com,Female,28.13.124.151
185,Adora,Jedrasik,ajedrasik54@webs.com,Female,67.247.86.19
186,Yank,Saltrese,ysaltrese55@springer.com,Male,215.19.161.178
187,Vasili,Schettini,vschettini56@amazon.com,Male,133.24.138.45
188,Delora,Janovsky,djanovsky57@github.com,Bigender,133.253.240.70
189,Westbrooke,Yeude,wyeude58@e-recht24.de,Male,159.245.198.239
190,Rowen,Brownbill,rbrownbill59@businessweek.com,Polygender,207.241.238.98
191,Wendell,Jozsa,wjozsa5a@liveinternet.ru,Male,134.209.204.27
192,Shae,Reynard,sreynard5b@shop-pro.jp,Male,19.177.110.62
193,Jerry,Gibbe,jgibbe5c@chron.com,Female,111.49.3.86
194,Nealy,Whatman,nwhatman5d@amazon.de,Male,145.188.61.209
195,Christoforo,Tweddell,ctweddell5e@google.com.br,Male,57.128.95.190
196,Meier,Hudson,mhudson5f@state.tx.us,Male,136.94.179.86
197,Freida,Quakley,fquakley5g@ocn.ne.jp,Female,232.77.166.22
198,Natalee,Geibel,ngeibel5h@trellian.com,Female,67.117.254.201
199,Timmy,Segoe,tsegoe5i@latimes.com,Female,176.95.164.237
200,Bertrando,Jancy,bjancy5j@github.com,Male,184.162.202.16
201,Felisha,Sowthcote,fsowthcote5k@paginegialle.it,Female,27.184.145.249
202,Valle,Clixby,vclixby5l@usa.gov,Male,242.191.114.126
203,Nealson,Beauvais,nbeauvais5m@reference.com,Non-binary,127.223.96.19
204,Venus,Mossman,vmossman5n@cpanel.net,Female,66.192.155.189
205,Darby,Becke,dbecke5o@google.co.uk,Male,107.200.41.62
206,Brier,Shears,bshears5p@whitehouse.gov,Female,122.196.43.159
207,Leicester,McCahill,lmccahill5q@vimeo.com,Male,237.175.149.217
208,Germaine,Berndtssen,gberndtssen5r@uiuc.edu,Female,112.255.25.48
209,Othilia,Dunbar,odunbar5s@comcast.net,Female,137.13.16.237
210,Annmaria,Stark,astark5t@dailymotion.com,Female,44.13.29.155
211,Archibaldo,Prinnett,aprinnett5u@devhub.com,Male,101.6.3.91
212,Carr,Iglesias,ciglesias5v@slideshare.net,Male,1.180.71.41
213,Percy,Lobb,plobb5w@theatlantic.com,Male,37.113.165.64
214,Magdalena,Loveredge,mloveredge5x@illinois.edu,Female,112.75.2.85
215,Bell,Osler,bosler5y@ox.ac.uk,Agender,144.134.107.232
216,Karolina,Sappell,ksappell5z@shop-pro.jp,Female,48.147.229.254
217,Laurence,Kochl,lkochl60@hugedomains.com,Male,18.231.10.129
218,Hartwell,Pinyon,hpinyon61@bbb.org,Male,151.50.202.221
219,Allard,Garwell,agarwell62@nature.com,Male,139.114.79.56
220,Tabatha,Brunel,tbrunel63@gnu.org,Female,143.33.169.148
221,Eleanora,Kunrad,ekunrad64@liveinternet.ru,Polygender,5.18.182.86
222,Terence,Tucknutt,ttucknutt65@google.co.jp,Male,16.15.93.44
223,Rozella,Simkin,rsimkin66@sun.com,Female,164.138.42.126
224,Miguelita,Wellstood,mwellstood67@nih.gov,Female,0.224.134.106
225,Lesley,Benedite,lbenedite68@forbes.com,Non-binary,32.184.236.170
226,Katharine,Orcott,korcott69@tripadvisor.com,Female,60.46.250.94
227,Merwin,Yitshak,myitshak6a@sciencedaily.com,Male,60.11.167.29
228,Marice,St. Quentin,mstquentin6b@buzzfeed.com,Female,77.165.244.122
229,Pail,Barthelemy,pbarthelemy6c@naver.com,Male,60.18.188.130
230,Judd,Sagar,jsagar6d@hugedomains.com,Male,42.70.149.108
231,Christy,Brisbane,cbrisbane6e@nature.com,Female,1.5.48.85
232,Bibbie,Huckabe,bhuckabe6f@nbcnews.com,Female,110.120.24.144
233,Rona,Dick,rdick6g@fda.gov,Female,56.126.139.197
234,Lyndell,Hicklingbottom,lhicklingbottom6h@fotki.com,Female,21.196.186.134
235,Joete,Ruggiero,jruggiero6i@hugedomains.com,Female,201.15.19.233
236,Doralyn,O'Grady,dogrady6j@bbb.org,Bigender,125.27.11.164
237,Cullin,Foucher,cfoucher6k@imageshack.us,Male,87.120.235.12
238,Culley,Buckie,cbuckie6l@salon.com,Male,167.204.130.240
239,Celie,Dumbare,cdumbare6m@ox.ac.uk,Female,24.117.88.222
240,Edgar,Genever,egenever6n@lycos.com,Male,197.79.33.70
241,Cammie,Habbijam,chabbijam6o@123-reg.co.uk,Female,183.183.56.158
242,Derrek,Passion,dpassion6p@msn.com,Male,200.102.45.127
243,Jonis,Bruneau,jbruneau6q@fda.gov,Female,64.28.184.246
244,Spencer,De Minico,sdeminico6r@state.tx.us,Male,9.60.154.53
245,Vincent,Knagges,vknagges6s@hhs.gov,Male,24.72.220.125
246,Morty,Aveyard,maveyard6t@weibo.com,Male,62.98.91.53
247,Yule,Ratley,yratley6u@samsung.com,Male,40.117.5.91
248,Myca,Beville,mbeville6v@devhub.com,Male,225.3.187.37
249,Hunter,Martinson,hmartinson6w@ow.ly,Male,129.140.66.135
250,Camel,Strover,cstrover6x@ucoz.com,Female,173.15.193.234
251,Ozzie,Stuckow,ostuckow6y@huffingtonpost.com,Bigender,91.108.135.228
252,Sarine,Rozalski,srozalski6z@hhs.gov,Female,223.232.38.166
253,Griselda,Yannikov,gyannikov70@addthis.com,Female,107.217.199.145
254,Cordy,Caudray,ccaudray71@myspace.com,Female,193.170.38.7
255,Carlota,Czyz,cczyz72@usa.gov,Female,126.199.59.140
256,Gaston,Kilfether,gkilfether73@ca.gov,Male,131.92.59.136
257,Sybilla,Gregorio,sgregorio74@mapy.cz,Female,9.54.106.44
258,Gena,Strase,gstrase75@tamu.edu,Female,237.234.232.171
259,Madge,Smout,msmout76@qq.com,Female,239.68.189.7
260,Maximilien,Trott,mtrott77@storify.com,Male,95.249.212.188
261,Thibaud,Brock,tbrock78@google.co.jp,Male,253.205.17.248
262,Artemus,Akker,aakker79@cbc.ca,Male,159.49.87.165
263,Fredericka,Shurrock,fshurrock7a@hibu.com,Female,185.243.14.10
264,Olivie,Veeler,oveeler7b@google.co.uk,Female,129.254.168.192
265,Guilbert,MacAlees,gmacalees7c@meetup.com,Male,108.31.201.249
266,Ryun,Waite,rwaite7d@is.gd,Male,201.141.148.51
267,Marisa,Fillery,mfillery7e@wikispaces.com,Female,41.105.24.185
268,Heinrick,Toffler,htoffler7f@google.ca,Male,145.196.118.116
269,Aleece,Nunns,anunns7g@hhs.gov,Female,121.101.125.53
270,Rosalind,Lockhart,rlockhart7h@usatoday.com,Female,137.91.84.33
271,Harmonie,Milmoe,hmilmoe7i@livejournal.com,Female,67.38.73.124
272,Jillayne,Broad,jbroad7j@mapquest.com,Female,121.129.227.149
273,Tabby,Wickett,twickett7k@themeforest.net,Male,194.252.185.82
274,Amil,Strongman,astrongman7l@cisco.com,Female,239.90.225.240
275,Budd,Peat,bpeat7m@netlog.com,Male,237.82.8.79
276,Judah,Monck,jmonck7n@photobucket.com,Male,112.233.154.43
277,Karlens,Trodler,ktrodler7o@un.org,Male,78.100.37.140
278,Kiley,Glamart,kglamart7p@un.org,Female,193.223.117.205
279,Lucie,Doswell,ldoswell7q@ted.com,Female,172.35.192.243
280,Rosetta,Bower,rbower7r@cloudflare.com,Female,213.150.216.0
281,Gill,Gallaway,ggallaway7s@cargocollective.com,Female,163.123.153.151
282,Dona,Drewitt,ddrewitt7t@goodreads.com,Female,30.75.223.89
283,Rees,Truggian,rtruggian7u@wufoo.com,Male,219.186.214.235
284,Nananne,MacLaughlin,nmaclaughlin7v@uol.com.br,Female,44.162.108.96
285,Manya,Stanyard,mstanyard7w@furl.net,Female,168.203.131.102
286,Katerina,Simmig,ksimmig7x@yale.edu,Female,135.77.239.169
287,Monte,MacIllrick,mmacillrick7y@friendfeed.com,Male,102.31.11.60
288,Gabriellia,Fryett,gfryett7z@meetup.com,Female,9.186.145.197
289,Sylvester,Robbings,srobbings80@sakura.ne.jp,Male,162.223.159.50
290,Sibeal,Rumsey,srumsey81@spiegel.de,Female,241.90.41.62
291,Lura,Leel,lleel82@accuweather.com,Female,158.64.153.196
292,Cazzie,Schwier,cschwier83@imdb.com,Male,66.129.112.40
293,Dante,Schnitter,dschnitter84@istockphoto.com,Male,37.61.163.118
294,Corbin,Blodget,cblodget85@odnoklassniki.ru,Male,110.185.215.220
295,Barthel,Sea,bsea86@rediff.com,Non-binary,1.136.93.93
296,Ania,Jevons,ajevons87@princeton.edu,Female,96.91.82.132
297,Tracie,MacGovern,tmacgovern88@time.com,Genderqueer,204.191.121.227
298,Thebault,Carville,tcarville89@mediafire.com,Male,108.43.175.34
299,Corrine,Sherringham,csherringham8a@newyorker.com,Female,212.109.75.139
300,Shara,Nanninini,snanninini8b@hc360.com,Female,102.208.49.235
301,Marieann,Goby,mgoby8c@pinterest.com,Female,216.200.26.249
302,Roth,Brogiotti,rbrogiotti8d@privacy.gov.au,Male,165.12.133.51
303,Gerardo,Pettitt,gpettitt8e@senate.gov,Male,234.65.118.83
304,Kiley,Stedson,kstedson8f@vk.com,Male,30.13.41.58
305,Trenton,Pincked,tpincked8g@cbc.ca,Male,58.53.144.58
306,Ethelyn,Nation,enation8h@networkadvertising.org,Female,189.220.14.242
307,Rodrigo,Rossbrook,rrossbrook8i@sun.com,Male,112.80.121.192
308,Riane,Domenc,rdomenc8j@cloudflare.com,Female,164.143.47.117
309,Adella,Fandrey,afandrey8k@usatoday.com,Genderfluid,210.205.234.120
310,Phillie,Ead,pead8l@csmonitor.com,Female,3.10.242.100
311,Lanny,Beel,lbeel8m@nhs.uk,Male,104.15.39.187
312,Lorene,Hilley,lhilley8n@wix.com,Female,2.8.249.149
313,Stanleigh,Squibe,ssquibe8o@pbs.org,Bigender,51.128.189.132
314,Skelly,Collaton,scollaton8p@digg.com,Male,126.20.235.171
315,Beauregard,Tredwell,btredwell8q@upenn.edu,Male,42.94.245.0
316,Corrine,Braisted,cbraisted8r@weather.com,Female,130.201.60.235
317,Raphael,Epps,repps8s@loc.gov,Male,38.127.135.5
318,Claudianus,Le Teve,cleteve8t@fda.gov,Male,138.49.83.56
319,Georgie,Oris,goris8u@geocities.jp,Male,101.7.228.0
320,Vanya,Dunkerton,vdunkerton8v@youku.com,Male,46.26.16.158
321,Diandra,McGrotty,dmcgrotty8w@wikia.com,Female,205.106.101.124
322,Leigh,Morteo,lmorteo8x@geocities.com,Male,227.32.158.8
323,Nevile,McElvine,nmcelvine8y@admin.ch,Male,183.14.225.127
324,Tobiah,Buscher,tbuscher8z@imgur.com,Male,201.145.51.123
325,Rosco,Scrivinor,rscrivinor90@about.com,Male,221.204.152.70
326,Red,McKenney,rmckenney91@parallels.com,Male,196.189.91.199
327,Afton,Eede,aeede92@hibu.com,Female,173.128.128.238
328,Tamara,Pieroni,tpieroni93@omniture.com,Female,89.187.159.248
329,Dame,Klosa,dklosa94@wufoo.com,Male,96.211.238.34
330,Harriott,Pickering,hpickering95@networksolutions.com,Female,178.159.84.129
331,Arturo,Simmonds,asimmonds96@rambler.ru,Male,251.106.161.239
332,Lewie,Feore,lfeore97@tripod.com,Male,152.193.138.68
333,Marjy,Tomas,mtomas98@dedecms.com,Female,80.239.162.99
334,Tedd,Wordesworth,twordesworth99@hibu.com,Male,190.248.204.95
335,Efren,Geale,egeale9a@github.io,Male,239.62.122.68
336,Alvy,Branwhite,abranwhite9b@intel.com,Male,19.105.86.41
337,Byran,Matthiae,bmatthiae9c@freewebs.com,Male,10.127.175.109
338,Laverna,Neising,lneising9d@aboutads.info,Female,24.221.9.24
339,Mair,Stirgess,mstirgess9e@army.mil,Female,179.13.158.217
340,Clarine,Sabine,csabine9f@amazon.co.jp,Female,254.45.211.33
341,Ignacius,Woolf,iwoolf9g@upenn.edu,Male,101.56.175.145
342,Eugenie,Gladdor,egladdor9h@thetimes.co.uk,Female,59.228.24.227
343,Sherwin,Kief,skief9i@kickstarter.com,Male,167.65.222.249
344,Claresta,Castanone,ccastanone9j@usgs.gov,Female,99.2.214.92
345,Vanya,Beadham,vbeadham9k@usda.gov,Male,85.183.47.88
346,Audre,Blezard,ablezard9l@geocities.com,Female,239.32.159.61
347,Alexandrina,Duchasteau,aduchasteau9m@behance.net,Female,78.213.245.232
348,Mora,Ferryman,mferryman9n@mlb.com,Female,246.66.19.195
349,Gustie,Kayne,gkayne9o@webmd.com,Female,246.209.99.120
350,Kit,Winslet,kwinslet9p@i2i.jp,Female,41.4.121.165
351,Ivonne,Lutton,ilutton9q@adobe.com,Female,74.10.248.19
352,Kevan,Doy,kdoy9r@java.com,Male,104.155.171.65
353,Saxe,Lagadu,slagadu9s@howstuffworks.com,Male,214.187.175.85
354,Hatti,Peevor,hpeevor9t@arizona.edu,Female,81.47.69.77
355,Winni,Giroldi,wgiroldi9u@stanford.edu,Bigender,45.218.178.124
356,Morse,O'Scanlon,moscanlon9v@stanford.edu,Male,127.86.51.34
357,Jemie,Teather,jteather9w@ycombinator.com,Female,202.166.245.109
358,Bria,Burgne,bburgne9x@dot.gov,Female,55.107.10.151
359,Elita,Kirkhouse,ekirkhouse9y@macromedia.com,Agender,113.172.2.202
360,Kyle,Raymond,kraymond9z@newyorker.com,Male,70.186.224.201
361,Ray,Bedlington,rbedlingtona0@netvibes.com,Agender,239.182.93.201
362,Alexandr,Witnall,awitnalla1@nih.gov,Male,4.141.200.215
363,Bastian,Chismon,bchismona2@privacy.gov.au,Male,62.42.239.194
364,Jason,Lownsbrough,jlownsbrougha3@prweb.com,Male,178.124.197.57
365,Leonhard,Philippson,lphilippsona4@oracle.com,Male,105.165.120.248
366,Heinrik,Imorts,himortsa5@time.com,Male,114.65.196.244
367,Perla,Josephs,pjosephsa6@sun.com,Female,108.73.162.76
368,Annis,Rowan,arowana7@aboutads.info,Genderfluid,102.145.251.229
369,Jaquith,O'Sculley,josculleya8@shareasale.com,Female,102.211.23.118
370,Ferrell,Warr,fwarra9@yolasite.com,Male,171.252.93.249
371,Roderigo,Pierrepont,rpierrepontaa@barnesandnoble.com,Male,138.58.175.119
372,Ingeborg,Beisley,ibeisleyab@google.es,Female,32.31.152.67
373,Veriee,Carter,vcarterac@reddit.com,Female,214.202.225.53
374,Rosie,Sharma,rsharmaad@hud.gov,Female,99.194.15.183
375,Fairlie,Blazek,fblazekae@ameblo.jp,Male,125.73.152.5
376,Alana,Lannon,alannonaf@cafepress.com,Female,31.92.103.144
377,Anthe,Siddon,asiddonag@intel.com,Female,197.9.244.99
378,June,Stannas,jstannasah@pbs.org,Female,130.181.227.137
379,Arlan,Taffs,ataffsai@cnet.com,Male,28.60.52.110
380,Elvin,Smart,esmartaj@japanpost.jp,Male,4.221.218.244
381,Rahel,Dur,rdurak@house.gov,Female,0.211.115.248
382,Harwell,Trippick,htrippickal@jugem.jp,Male,99.46.97.254
383,Huey,L'oiseau,hloiseauam@spiegel.de,Male,251.181.238.149
384,Raquela,Huygens,rhuygensan@utexas.edu,Female,170.39.148.56
385,Gaylord,Lowdiane,glowdianeao@youtube.com,Male,97.170.245.89
386,Joanne,Dmitrichenko,jdmitrichenkoap@huffingtonpost.com,Female,175.172.28.244
387,Nisse,Randell,nrandellaq@gizmodo.com,Female,197.80.210.150
388,Salem,Matusson,smatussonar@amazon.de,Bigender,16.253.139.92
389,Spenser,Sidle,ssidleas@archive.org,Male,62.151.219.92
390,Jackie,Killelay,jkillelayat@constantcontact.com,Bigender,140.111.132.53
391,Stephanie,Wagstaffe,swagstaffeau@weebly.com,Genderqueer,170.20.79.178
392,Boy,Fenge,bfengeav@goo.ne.jp,Male,62.196.136.113
393,Gottfried,Perford,gperfordaw@un.org,Male,136.11.153.221
394,Jenelle,Harrema,jharremaax@meetup.com,Female,151.247.120.227
395,Trude,Bee,tbeeay@dell.com,Non-binary,89.136.194.157
396,Darn,Samweyes,dsamweyesaz@foxnews.com,Male,192.202.140.225
397,Terence,Frowen,tfrowenb0@va.gov,Male,154.39.54.62
398,Clotilda,Compson,ccompsonb1@vkontakte.ru,Female,8.42.195.37
399,Ema,Tomankowski,etomankowskib2@berkeley.edu,Female,211.188.208.25
400,Carol,Ayers,cayersb3@opera.com,Female,194.210.208.31
401,Phoebe,Lidgett,plidgettb4@odnoklassniki.ru,Bigender,188.59.196.128
402,Neils,Soames,nsoamesb5@twitpic.com,Male,245.240.168.22
403,Raquela,MacAindreis,rmacaindreisb6@dot.gov,Female,56.120.142.121
404,Bartlett,Stare,bstareb7@biglobe.ne.jp,Male,20.92.197.35
405,Hilliard,Nissle,hnissleb8@vk.com,Male,97.162.211.21
406,Mendel,Kays,mkaysb9@spotify.com,Male,91.160.50.9
407,Arvy,Raynor,araynorba@dell.com,Polygender,40.202.84.74
408,Ellerey,MacGovern,emacgovernbb@google.de,Male,94.113.193.103
409,Fair,Brahams,fbrahamsbc@zimbio.com,Polygender,26.16.18.189
410,Harlene,Bartrap,hbartrapbd@soundcloud.com,Female,83.51.62.187
411,Nananne,Ruxton,nruxtonbe@desdev.cn,Female,161.251.245.124
412,Ardys,Kohrs,akohrsbf@booking.com,Bigender,105.139.47.77
413,Burk,Swapp,bswappbg@artisteer.com,Male,51.67.214.182
414,Marleen,Telling,mtellingbh@ocn.ne.jp,Female,26.36.83.226
415,Allayne,Sphinxe,asphinxebi@aboutads.info,Male,14.2.5.208
416,Hattie,Andriulis,handriulisbj@is.gd,Female,122.74.27.221
417,Trent,Pretti,tprettibk@umn.edu,Male,255.120.5.54
418,Pamella,Chansonne,pchansonnebl@unc.edu,Female,191.187.186.43
419,Annnora,Kenrick,akenrickbm@wordpress.org,Female,207.131.251.141
420,Pattie,Cowser,pcowserbn@paypal.com,Female,252.238.38.237
421,Northrup,Kellick,nkellickbo@mashable.com,Male,57.39.9.131
422,Gwen,Gully,ggullybp@acquirethisname.com,Female,113.123.12.7
423,Boote,Covendon,bcovendonbq@opera.com,Male,212.226.33.142
424,Averil,Spinelli,aspinellibr@admin.ch,Non-binary,98.144.151.185
425,Del,Titterington,dtitteringtonbs@weather.com,Male,220.61.37.102
426,Ruthy,Buss,rbussbt@reuters.com,Female,116.201.163.76
427,Melody,Nevett,mnevettbu@xing.com,Female,18.198.70.36
428,Willy,Bacup,wbacupbv@stumbleupon.com,Female,111.201.64.107
429,Remy,Tilbrook,rtilbrookbw@wikia.com,Female,114.72.186.178
430,Gerrie,Landis,glandisbx@google.co.uk,Male,35.73.93.18
431,Lisetta,Chellam,lchellamby@buzzfeed.com,Agender,194.37.254.138
432,Wheeler,Soughton,wsoughtonbz@cnn.com,Male,124.66.65.39
433,Minnnie,Guiduzzi,mguiduzzic0@theglobeandmail.com,Female,168.77.18.54
434,Darnell,Carman,dcarmanc1@apple.com,Male,156.6.3.136
435,Dori,Dunkirk,ddunkirkc2@narod.ru,Female,58.92.80.224
436,Hadlee,Deeves,hdeevesc3@feedburner.com,Non-binary,33.114.174.217
437,Claiborne,Blitzer,cblitzerc4@i2i.jp,Male,216.25.105.165
438,Antoine,Lathwell,alathwellc5@a8.net,Polygender,156.253.76.17
439,Adrien,Daly,adalyc6@archive.org,Bigender,47.159.240.218
440,Neila,Petican,npeticanc7@psu.edu,Female,194.233.103.170
441,Benny,Sowman,bsowmanc8@upenn.edu,Female,124.184.236.125
442,Ashla,Edgington,aedgingtonc9@fotki.com,Female,123.238.49.201
443,Sonny,Brownsell,sbrownsellca@chicagotribune.com,Female,39.154.80.44
444,Tann,Nicolls,tnicollscb@nih.gov,Male,28.144.53.149
445,Isa,Gilbertson,igilbertsoncc@nydailynews.com,Male,193.182.51.143
446,Blaire,Redhead,bredheadcd@netscape.com,Female,96.17.247.6
447,Elvira,Dalmon,edalmonce@amazon.co.uk,Female,226.170.139.236
448,Ingaborg,Merrison,imerrisoncf@netscape.com,Non-binary,18.95.201.63
449,Astrid,Forsaith,aforsaithcg@shop-pro.jp,Female,165.108.25.166
450,Ash,Brower,abrowerch@drupal.org,Male,10.123.58.244
451,Daren,Vasyutochkin,dvasyutochkinci@jigsy.com,Male,0.149.192.20
452,Marci,Peers,mpeerscj@quantcast.com,Female,167.67.20.230
453,Jeff,Kiefer,jkieferck@economist.com,Male,111.237.105.180
454,Yuma,Grissett,ygrissettcl@ox.ac.uk,Male,98.148.245.16
455,Sam,Derbyshire,sderbyshirecm@angelfire.com,Female,158.13.154.160
456,Mildrid,Greedier,mgreediercn@miibeian.gov.cn,Female,39.157.35.188
457,Page,Robbs,probbsco@elegantthemes.com,Agender,116.207.29.45
458,Ambrosio,Voas,avoascp@reuters.com,Male,123.196.125.102
459,Davy,Gemmell,dgemmellcq@tmall.com,Male,210.75.48.68
460,Suzette,Rosenwasser,srosenwassercr@dailymail.co.uk,Female,228.39.55.89
461,Dallas,Whittall,dwhittallcs@tumblr.com,Female,222.200.223.202
462,Hector,Bereford,hberefordct@storify.com,Male,170.169.122.15
463,Adda,Gavigan,agavigancu@marketwatch.com,Female,22.82.150.154
464,Diann,Fleisch,dfleischcv@freewebs.com,Female,170.184.37.135
465,Orland,Skirvin,oskirvincw@constantcontact.com,Male,236.106.204.69
466,Francesco,Cronshaw,fcronshawcx@over-blog.com,Male,63.255.164.96
467,Keslie,Stalf,kstalfcy@ca.gov,Genderqueer,14.77.79.177
468,Jareb,Ballay,jballaycz@ted.com,Male,103.22.230.220
469,Berri,Havick,bhavickd0@bravesites.com,Female,237.154.116.107
470,Nicole,Giacomelli,ngiacomellid1@bizjournals.com,Female,136.45.81.173
471,Alena,Caudrelier,acaudrelierd2@patch.com,Female,182.25.208.11
472,Arch,Persey,aperseyd3@qq.com,Genderfluid,56.232.69.104
473,Jacobo,Castangia,jcastangiad4@wikimedia.org,Male,196.11.243.197
474,Crysta,Paoloni,cpaolonid5@addtoany.com,Female,205.215.81.237
475,Charisse,Edeson,cedesond6@mapquest.com,Female,160.180.156.169
476,Laetitia,Cadwaladr,lcadwaladrd7@wordpress.org,Female,42.25.51.60
477,Dalston,Evason,devasond8@wsj.com,Non-binary,78.184.214.96
478,Damiano,Kohnert,dkohnertd9@oracle.com,Male,232.114.80.77
479,Ozzie,Pickering,opickeringda@auda.org.au,Male,67.165.158.22
480,Cozmo,Chadburn,cchadburndb@flavors.me,Male,123.59.91.3
481,Gerome,Fader,gfaderdc@over-blog.com,Male,53.152.79.250
482,Aubert,Svanini,asvaninidd@diigo.com,Male,18.38.195.185
483,Tracey,De Domenico,tdedomenicode@elegantthemes.com,Male,190.204.38.126
484,Cammi,Grealish,cgrealishdf@sina.com.cn,Female,31.225.12.94
485,Carole,Jerg,cjergdg@walmart.com,Female,5.12.173.237
486,Ephrayim,Licciardello,elicciardellodh@google.nl,Male,58.216.227.79
487,Martie,Bartot,mbartotdi@ibm.com,Female,255.118.66.22
488,Benni,Josowitz,bjosowitzdj@51.la,Female,251.234.120.9
489,Francesco,Matfield,fmatfielddk@japanpost.jp,Male,64.246.229.41
490,Ozzy,Gravey,ograveydl@ted.com,Male,208.80.185.176
491,Melli,Fright,mfrightdm@twitter.com,Female,15.162.82.34
492,Lorry,Woolfitt,lwoolfittdn@princeton.edu,Female,226.62.63.196
493,Kylila,Zecchii,kzecchiido@yahoo.co.jp,Female,240.29.68.93
494,Nissie,Botterill,nbotterilldp@msu.edu,Female,196.77.104.42
495,Egor,Ricciardello,ericciardellodq@naver.com,Male,208.42.248.253
496,Ham,Mowles,hmowlesdr@delicious.com,Male,111.68.125.197
497,Janaya,Perkis,jperkisds@time.com,Female,97.226.148.6
498,Jerrilee,Slobom,jslobomdt@ibm.com,Female,93.221.44.74
499,Lissi,Carl,lcarldu@bizjournals.com,Female,41.184.244.99
500,Benson,MacCorkell,bmaccorkelldv@amazon.de,Male,197.75.37.120
501,Shelly,Aaronson,saaronsondw@businesswire.com,Female,25.199.8.49
502,Mignon,Gramer,mgramerdx@xinhuanet.com,Female,45.93.114.168
503,Dacie,Kliesl,dkliesldy@sciencedirect.com,Female,88.244.233.21
504,Gil,Sharples,gsharplesdz@google.nl,Male,33.83.77.23
505,Leelah,Churly,lchurlye0@jugem.jp,Female,136.36.204.173
506,Lucine,McFeate,lmcfeatee1@hubpages.com,Female,92.49.214.254
507,Marion,Estcot,mestcote2@moonfruit.com,Female,74.170.113.152
508,Donica,Rackley,drackleye3@aol.com,Female,227.19.249.29
509,Joli,Adrianello,jadrianelloe4@wunderground.com,Female,171.230.9.82
510,Lind,Burder,lburdere5@163.com,Female,236.30.87.215
511,Essy,Marsy,emarsye6@soup.io,Genderfluid,211.67.87.162
512,Jasmina,Keenor,jkeenore7@bravesites.com,Female,145.198.129.28
513,Flory,Muffen,fmuffene8@senate.gov,Female,131.2.147.49
514,Idelle,Bentham3,ibenthame9@a8.net,Female,136.148.193.35
515,Brietta,Kuhlmey,bkuhlmeyea@globo.com,Female,127.1.49.188
516,Travers,Castell,tcastelleb@cam.ac.uk,Male,70.165.202.9
517,Brigham,O'Keenan,bokeenanec@ucsd.edu,Male,175.162.72.23
518,Beatrix,Flaonier,bflaoniered@alexa.com,Female,44.40.227.148
519,Dominick,Whittall,dwhittallee@si.edu,Male,221.217.205.246
520,Skye,Coull,scoullef@bing.com,Male,31.102.238.103
521,Petey,Fallows,pfallowseg@odnoklassniki.ru,Male,12.180.101.94
522,Sean,Straffon,sstraffoneh@webnode.com,Male,15.48.197.40
523,Tito,Rean,treanei@edublogs.org,Male,170.159.32.253
524,Vere,Chastagnier,vchastagnierej@dell.com,Female,23.3.57.7
525,Waverly,Lineen,wlineenek@hao123.com,Male,63.247.15.40
526,Shaine,Hartus,shartusel@ft.com,Male,15.81.32.181
527,Paddie,Sealy,psealyem@last.fm,Male,215.249.97.181
528,Freddy,Condliffe,fcondliffeen@engadget.com,Male,78.146.109.130
529,Freddie,Inchbald,finchbaldeo@ezinearticles.com,Male,8.210.42.208
530,Antonia,Eilers,aeilersep@paypal.com,Female,29.177.98.155
531,Fallon,Trafford,ftraffordeq@vkontakte.ru,Female,46.190.155.73
532,Eduino,Pomphrey,epomphreyer@icio.us,Male,225.151.250.170
533,Duke,D'Agostini,ddagostinies@bloglovin.com,Male,5.250.106.60
534,Ardelle,Graffin,agraffinet@w3.org,Female,233.152.105.225
535,Lazaro,Showl,lshowleu@whitehouse.gov,Male,0.158.113.187
536,Gilda,Darrington,gdarringtonev@blogtalkradio.com,Female,22.225.181.182
537,Del,Moseley,dmoseleyew@xrea.com,Male,250.43.235.42
538,Durand,Basant,dbasantex@reddit.com,Male,166.37.162.69
539,Leonardo,Saur,lsaurey@sogou.com,Male,231.71.50.188
540,Erminia,Branigan,ebraniganez@skyrock.com,Female,195.104.239.152
541,Jodi,Sigge,jsiggef0@amazonaws.com,Male,204.170.52.191
542,Roland,Cluer,rcluerf1@angelfire.com,Polygender,181.122.192.203
543,Jessica,Eck,jeckf2@army.mil,Female,148.38.99.20
544,Cyrillus,McQuorkel,cmcquorkelf3@reuters.com,Male,223.83.103.212
545,Anselma,Bernollet,abernolletf4@wisc.edu,Female,144.24.183.20
546,Ban,McCome,bmccomef5@netvibes.com,Male,190.149.123.98
547,Elene,Bearns,ebearnsf6@dagondesign.com,Female,62.168.56.79
548,Aubert,Sallowaye,asallowayef7@ehow.com,Genderfluid,198.32.160.173
549,Burgess,Gatfield,bgatfieldf8@feedburner.com,Male,116.173.246.208
550,Kaleena,Butterfill,kbutterfillf9@360.cn,Female,153.11.191.88
551,Marj,Ancliff,manclifffa@ustream.tv,Female,99.251.42.24
552,Lisbeth,Tissington,ltissingtonfb@sourceforge.net,Female,134.179.68.166
553,Amalita,Revely,arevelyfc@wisc.edu,Female,188.140.18.83
554,Devy,Gleder,dglederfd@bluehost.com,Polygender,223.55.11.142
555,Chip,Nigh,cnighfe@istockphoto.com,Male,239.251.189.116
556,Gearard,Piatto,gpiattoff@sfgate.com,Male,203.245.16.190
557,Liza,O'Hederscoll,lohederscollfg@weebly.com,Female,108.120.65.203
558,Roosevelt,Carmody,rcarmodyfh@miibeian.gov.cn,Male,96.196.138.250
559,Benjie,Chestnut,bchestnutfi@irs.gov,Male,141.59.30.249
560,Cass,Kale,ckalefj@histats.com,Female,42.247.188.223
561,Cherie,Conachie,cconachiefk@eventbrite.com,Female,91.174.156.81
562,Alexio,Cutford,acutfordfl@webs.com,Male,101.111.123.250
563,Dmitri,McMorland,dmcmorlandfm@state.gov,Male,235.55.117.65
564,Chariot,Sollis,csollisfn@amazon.de,Male,199.86.120.98
565,Regan,Cleyburn,rcleyburnfo@phpbb.com,Male,18.206.9.75
566,Ed,Coomer,ecoomerfp@ed.gov,Male,115.64.226.2
567,Lemar,Rasell,lrasellfq@shutterfly.com,Bigender,65.66.5.234
568,Flo,Valenti,fvalentifr@wiley.com,Female,188.67.189.240
569,Rockie,Brydon,rbrydonfs@unc.edu,Male,96.115.70.214
570,Beatrice,Dressel,bdresselft@hugedomains.com,Female,138.46.138.196
571,Somerset,Snarie,ssnariefu@github.io,Male,153.181.189.6
572,Josephina,Bruni,jbrunifv@pcworld.com,Female,145.197.80.173
573,Armin,Pomphrett,apomphrettfw@intel.com,Non-binary,142.80.151.140
574,Inessa,Grinter,igrinterfx@sourceforge.net,Female,248.182.252.197
575,Nadya,Hardway,nhardwayfy@nature.com,Female,88.185.221.8
576,Yasmin,Dewett,ydewettfz@freewebs.com,Female,38.141.8.243
577,Fair,Kacheler,fkachelerg0@japanpost.jp,Male,213.109.123.199
578,Cherlyn,Lux,cluxg1@amazon.co.uk,Female,120.122.47.103
579,Adham,Gyles,agylesg2@nytimes.com,Male,229.51.242.255
580,Holly-anne,Drane,hdraneg3@amazonaws.com,Female,13.213.227.76
581,Avigdor,Pharo,apharog4@telegraph.co.uk,Male,93.211.66.149
582,Roger,Andreassen,randreasseng5@plala.or.jp,Male,101.52.124.132
583,Maddy,Downie,mdownieg6@nasa.gov,Male,249.87.109.148
584,Giff,Henrique,ghenriqueg7@mediafire.com,Male,2.194.160.108
585,Carroll,Reolfo,creolfog8@free.fr,Male,241.181.77.225
586,Starlene,Swine,sswineg9@quantcast.com,Female,219.132.208.97
587,Mill,Adamik,madamikga@hibu.com,Male,149.59.252.105
588,Taylor,Peret,tperetgb@studiopress.com,Male,222.168.3.6
589,Rickey,Hakking,rhakkinggc@tinypic.com,Male,54.184.101.76
590,Roxanne,Limer,rlimergd@bizjournals.com,Female,41.191.26.51
591,Kirk,Seston,ksestonge@odnoklassniki.ru,Male,106.146.205.241
592,Shayla,Branson,sbransongf@ucoz.com,Female,76.202.128.240
593,Maddy,Gorghetto,mgorghettogg@ihg.com,Male,123.39.114.22
594,Godfry,Gulvin,ggulvingh@privacy.gov.au,Bigender,169.117.172.41
595,Halsy,Boni,hbonigi@smugmug.com,Male,66.6.10.215
596,Mack,Chenery,mchenerygj@omniture.com,Male,27.19.103.75
597,Juliane,Redpath,jredpathgk@cdbaby.com,Female,68.148.69.57
598,Dolley,Ginn,dginngl@omniture.com,Female,120.140.174.141
599,Janel,Overy,joverygm@alexa.com,Female,183.19.99.98
600,Gabbie,Mapletoft,gmapletoftgn@va.gov,Male,124.234.140.149
601,Meade,Lawlie,mlawliego@java.com,Male,66.235.123.225
602,Kathy,Brimilcombe,kbrimilcombegp@reference.com,Female,238.136.243.211
603,Keelby,Bowra,kbowragq@trellian.com,Male,30.85.180.180
604,Teirtza,Welsby,twelsbygr@globo.com,Female,234.29.24.49
605,Sharron,Sartain,ssartaings@hibu.com,Female,67.0.234.208
606,Norry,Pilfold,npilfoldgt@4shared.com,Female,1.43.41.210
607,Matt,Maylor,mmaylorgu@nbcnews.com,Male,188.220.36.63
608,Bradley,Lorimer,blorimergv@archive.org,Male,38.54.32.247
609,Silas,Fearick,sfearickgw@linkedin.com,Non-binary,197.92.148.205
610,Yule,Hawkshaw,yhawkshawgx@google.co.uk,Male,143.145.170.199
611,Calli,Fermor,cfermorgy@creativecommons.org,Female,168.19.163.198
612,Byram,Dimitriev,bdimitrievgz@geocities.com,Male,55.133.189.19
613,Elwood,Bremen,ebremenh0@mozilla.com,Male,52.51.80.23
614,Evita,Elcombe,eelcombeh1@unesco.org,Female,141.217.210.231
615,Erna,Sowrey,esowreyh2@addtoany.com,Female,57.233.119.15
616,Dee dee,Govenlock,dgovenlockh3@google.ru,Female,255.135.103.6
617,Nelson,Wederell,nwederellh4@ucla.edu,Male,152.163.141.73
618,Delcina,Rambaut,drambauth5@hc360.com,Female,195.132.13.161
619,Elysha,Lumpkin,elumpkinh6@tinyurl.com,Female,13.191.249.231
620,Catlin,Croose,ccrooseh7@ft.com,Female,98.151.147.246
621,Early,Confait,econfaith8@wiley.com,Male,197.49.134.116
622,Jonie,Battaille,jbattailleh9@nytimes.com,Female,233.99.50.74
623,Karissa,Jex,kjexha@devhub.com,Female,43.235.145.208
624,Freemon,Muckeen,fmuckeenhb@flavors.me,Male,230.250.196.88
625,Marta,Johansson,mjohanssonhc@sohu.com,Female,219.74.110.32
626,Zea,Farquharson,zfarquharsonhd@marketwatch.com,Female,166.203.196.75
627,Tobi,Upton,tuptonhe@ovh.net,Female,121.52.17.5
628,Richmound,Eastabrook,reastabrookhf@ebay.com,Male,88.13.199.87
629,Tom,Arrighetti,tarrighettihg@toplist.cz,Male,52.120.77.63
630,Katleen,Shoobridge,kshoobridgehh@aol.com,Agender,80.103.103.68
631,Flynn,Apthorpe,fapthorpehi@skyrock.com,Male,30.141.100.10
632,Theresita,Alyutin,talyutinhj@histats.com,Female,120.12.219.96
633,Evin,Dinwoodie,edinwoodiehk@delicious.com,Male,85.53.74.160
634,Clara,Jelf,cjelfhl@odnoklassniki.ru,Female,213.21.84.152
635,Lynda,Twyford,ltwyfordhm@netlog.com,Female,71.202.88.183
636,Cicely,Melchior,cmelchiorhn@theguardian.com,Female,239.42.47.96
637,Jasen,Steers,jsteersho@livejournal.com,Polygender,161.169.98.120
638,Trueman,Sarge,tsargehp@myspace.com,Male,110.141.230.161
639,Winslow,Kieff,wkieffhq@imgur.com,Male,36.208.87.10
640,Ricca,Kasher,rkasherhr@examiner.com,Genderfluid,200.25.84.162
641,Cyb,Steutly,csteutlyhs@soundcloud.com,Genderqueer,114.230.62.132
642,Bertrand,Boyson,bboysonht@hatena.ne.jp,Male,124.152.79.5
643,Sapphire,Tomasi,stomasihu@dion.ne.jp,Female,146.101.62.152
644,Arny,Aloshechkin,aaloshechkinhv@ucla.edu,Non-binary,130.169.227.175
645,Lizabeth,Hedditch,lhedditchhw@shop-pro.jp,Female,81.178.210.62
646,Angelica,Coghill,acoghillhx@slideshare.net,Female,86.99.98.91
647,Traver,Waber,twaberhy@storify.com,Male,73.203.39.194
648,Analiese,Graver,agraverhz@apple.com,Genderqueer,89.41.181.172
649,Kylie,Edscer,kedsceri0@geocities.jp,Female,87.59.0.73
650,Correna,Benjamin,cbenjamini1@foxnews.com,Female,63.24.85.128
651,Morganica,Blew,mblewi2@marriott.com,Female,73.209.160.107
652,Abrahan,Izod,aizodi3@youtube.com,Male,117.85.126.204
653,Devonne,Bartolommeo,dbartolommeoi4@senate.gov,Female,116.28.45.190
654,Marlowe,Grabbam,mgrabbami5@cbslocal.com,Male,99.192.148.237
655,Babbette,Obern,boberni6@pagesperso-orange.fr,Female,93.19.182.176
656,Ange,Reditt,areditti7@slate.com,Male,62.248.57.51
657,Lottie,Di Gregorio,ldigregorioi8@blogtalkradio.com,Female,87.106.118.245
658,Marvin,Elwill,melwilli9@hhs.gov,Male,239.222.103.54
659,Antonietta,Arkley,aarkleyia@deliciousdays.com,Female,58.100.225.217
660,Job,Muscat,jmuscatib@gizmodo.com,Male,94.134.122.255
661,Cyril,Dottridge,cdottridgeic@biglobe.ne.jp,Male,75.166.120.165
662,Yorke,Abrahamsohn,yabrahamsohnid@uol.com.br,Male,202.92.133.54
663,Masha,MacGilfoyle,mmacgilfoyleie@mediafire.com,Female,217.134.30.149
664,Jock,Tupie,jtupieif@cornell.edu,Male,88.15.203.227
665,Ranna,Lemmens,rlemmensig@umich.edu,Female,115.125.159.190
666,Iago,Dugan,iduganih@geocities.com,Male,178.144.159.247
667,Erin,Leinweber,eleinweberii@yandex.ru,Male,25.194.90.49
668,Nathaniel,Roscam,nroscamij@google.fr,Male,231.45.208.102
669,Tannie,Duigenan,tduigenanik@cornell.edu,Male,178.206.170.2
670,Arlyn,Rimbault,arimbaultil@yale.edu,Female,129.21.32.72
671,Virgilio,Wardel,vwardelim@nba.com,Bigender,198.147.134.19
672,Torey,Barras,tbarrasin@adobe.com,Bigender,233.117.12.188
673,Walsh,Drever,wdreverio@chron.com,Male,13.200.178.190
674,Veronika,Strutley,vstrutleyip@elegantthemes.com,Female,21.30.133.165
675,Rex,Banbrigge,rbanbriggeiq@bizjournals.com,Genderfluid,179.3.200.48
676,Cristian,Jowling,cjowlingir@ox.ac.uk,Male,250.197.179.81
677,Umeko,Inde,uindeis@phoca.cz,Female,0.19.189.49
678,Sky,Rilston,srilstonit@timesonline.co.uk,Male,49.116.11.226
679,Marget,Kraut,mkrautiu@typepad.com,Female,191.15.162.127
680,Teodor,Blaxley,tblaxleyiv@about.me,Male,167.49.147.202
681,Rory,Donnan,rdonnaniw@biglobe.ne.jp,Female,181.230.59.82
682,Sascha,Cotesford,scotesfordix@163.com,Female,148.9.222.110
683,Milicent,Billingsley,mbillingsleyiy@boston.com,Female,145.37.182.215
684,Arte,Avesque,aavesqueiz@army.mil,Male,192.179.149.121
685,Irv,Munt,imuntj0@gmpg.org,Male,122.170.148.150
686,Georgianna,Sumshon,gsumshonj1@pcworld.com,Female,35.184.40.188
687,Bary,Broad,bbroadj2@bbb.org,Male,135.168.207.240
688,Cullen,Simes,csimesj3@shareasale.com,Male,157.44.127.166
689,Sasha,Sorrel,ssorrelj4@list-manage.com,Female,16.144.111.192
690,Amerigo,Arends,aarendsj5@sourceforge.net,Male,76.168.38.81
691,Dene,Gomar,dgomarj6@phpbb.com,Male,28.143.63.174
692,Neila,Medlar,nmedlarj7@geocities.jp,Female,117.68.218.201
693,Orland,Pyffe,opyffej8@indiegogo.com,Male,125.7.116.104
694,Claiborne,Leidl,cleidlj9@istockphoto.com,Male,176.183.88.77
695,Iosep,Rubinek,irubinekja@amazonaws.com,Male,27.95.93.232
696,Tania,Covert,tcovertjb@blogspot.com,Female,238.97.87.129
697,Bank,Hardstaff,bhardstaffjc@google.nl,Male,226.110.49.150
698,Gavin,Senescall,gsenescalljd@vistaprint.com,Male,82.60.169.179
699,Abbi,Twycross,atwycrossje@edublogs.org,Female,195.86.129.189
700,Ardath,Birwhistle,abirwhistlejf@com.com,Female,194.166.11.166
701,Audre,Croxon,acroxonjg@51.la,Female,54.138.202.255
702,Joann,Bayldon,jbayldonjh@omniture.com,Female,22.12.241.112
703,Hoebart,Brithman,hbrithmanji@apache.org,Male,16.0.187.50
704,Elia,Follows,efollowsjj@senate.gov,Non-binary,2.144.71.78
705,Moselle,Benois,mbenoisjk@house.gov,Female,231.70.70.149
706,Gerta,Vakhonin,gvakhoninjl@deliciousdays.com,Female,48.142.11.44
707,Ronny,Trail,rtrailjm@google.co.uk,Female,152.14.32.198
708,Bengt,Espadater,bespadaterjn@moonfruit.com,Male,246.131.96.140
709,Shurlocke,Blinerman,sblinermanjo@uiuc.edu,Male,14.160.179.56
710,Yvor,Soreau,ysoreaujp@tamu.edu,Male,41.192.213.0
711,Jase,Kalf,jkalfjq@weebly.com,Male,166.139.124.208
712,Wilmette,Regis,wregisjr@free.fr,Female,232.183.123.134
713,Wallie,Diplock,wdiplockjs@answers.com,Female,155.36.231.145
714,Oren,Van Cassel,ovancasseljt@cnn.com,Male,203.251.161.14
715,Patrice,Naul,pnaulju@statcounter.com,Male,241.207.200.6
716,Elvyn,Monks,emonksjv@ebay.com,Male,101.156.226.246
717,Hally,Hardwin,hhardwinjw@51.la,Agender,205.23.186.205
718,Daffy,Gradley,dgradleyjx@japanpost.jp,Female,209.232.168.2
719,Geralda,Torbeck,gtorbeckjy@mlb.com,Female,141.204.235.51
720,Willy,Bruckenthal,wbruckenthaljz@lycos.com,Female,249.93.1.75
721,Christopher,Moriarty,cmoriartyk0@harvard.edu,Male,33.225.212.81
722,Umberto,Comben,ucombenk1@bing.com,Male,144.152.201.231
723,Carroll,Voller,cvollerk2@mapquest.com,Female,78.180.5.73
724,Walden,Mallall,wmallallk3@sogou.com,Male,232.35.101.62
725,Sybille,Pioli,spiolik4@mozilla.org,Female,27.66.135.192
726,Maddie,Spence,mspencek5@biglobe.ne.jp,Female,249.91.62.204
727,Miguel,Sincock,msincockk6@cbsnews.com,Agender,87.240.155.81
728,Roberta,Lenden,rlendenk7@people.com.cn,Female,200.10.251.74
729,Moise,Oakly,moaklyk8@discovery.com,Male,45.134.198.184
730,Marlon,Leatham,mleathamk9@businessweek.com,Male,183.226.92.11
731,Killian,Bigg,kbiggka@twitter.com,Male,182.159.174.239
732,Glenn,Najara,gnajarakb@qq.com,Female,83.112.26.241
733,Anatola,Buffey,abuffeykc@samsung.com,Female,145.127.208.109
734,Mahalia,Ineson,minesonkd@e-recht24.de,Female,126.251.181.232
735,Winston,Penman,wpenmanke@oakley.com,Male,101.26.64.233
736,Belicia,Strickler,bstricklerkf@ox.ac.uk,Female,108.104.52.57
737,Dominique,Chard,dchardkg@si.edu,Male,235.60.152.108
738,Nonie,Billborough,nbillboroughkh@google.co.jp,Female,5.64.180.207
739,Chet,Yakunkin,cyakunkinki@wisc.edu,Male,61.85.150.126
740,Alvina,Skokoe,askokoekj@studiopress.com,Female,57.170.171.199
741,Esmaria,Follit,efollitkk@g.co,Female,189.71.75.140
742,Beret,Balbeck,bbalbeckkl@examiner.com,Female,170.70.104.216
743,Ransell,Fuidge,rfuidgekm@fastcompany.com,Male,242.20.3.111
744,Corinne,Stanislaw,cstanislawkn@cdbaby.com,Female,25.74.186.135
745,Brittne,Todarini,btodariniko@diigo.com,Female,218.215.239.53
746,Luke,Christoffersen,lchristoffersenkp@cornell.edu,Male,57.66.202.247
747,Glenden,Davenhill,gdavenhillkq@wix.com,Male,135.5.128.137
748,Katheryn,Compson,kcompsonkr@nature.com,Female,76.176.148.196
749,Flossy,Gummory,fgummoryks@go.com,Female,114.127.92.92
750,Jean,McHaffy,jmchaffykt@washingtonpost.com,Male,9.41.66.234
751,Audry,Rowly,arowlyku@sphinn.com,Female,222.218.29.105
752,Christiana,Ell,cellkv@census.gov,Female,96.66.101.248
753,Giacobo,Shackesby,gshackesbykw@blog.com,Male,158.3.233.231
754,Esmaria,Fall,efallkx@admin.ch,Female,121.5.66.43
755,Sylvan,Cossins,scossinsky@utexas.edu,Male,81.76.124.48
756,Darbee,Cadding,dcaddingkz@google.it,Male,96.214.12.226
757,Lauryn,Ahmed,lahmedl0@howstuffworks.com,Female,90.245.27.92
758,Talbot,Frohock,tfrohockl1@youtube.com,Bigender,250.34.198.2
759,Nerta,Karby,nkarbyl2@squarespace.com,Female,241.188.180.18
760,Brendin,Dives,bdivesl3@e-recht24.de,Male,175.47.66.114
761,Alikee,Cowlard,acowlardl4@loc.gov,Female,96.185.76.167
762,Aurelea,Jolliss,ajollissl5@oakley.com,Genderfluid,206.132.145.82
763,Alvan,Bruntje,abruntjel6@eepurl.com,Male,208.157.79.106
764,Justinian,Curreen,jcurreenl7@yellowbook.com,Male,203.81.172.20
765,Ichabod,Masterman,imastermanl8@icio.us,Male,35.46.228.246
766,Cassondra,Mucillo,cmucillol9@theguardian.com,Female,14.188.99.38
767,Wally,Goulborn,wgoulbornla@spotify.com,Male,114.239.200.186
768,Ellynn,Casarili,ecasarililb@blogspot.com,Female,11.38.142.120
769,Liva,Crumbleholme,lcrumbleholmelc@tumblr.com,Female,51.137.213.28
770,Sheppard,Fossord,sfossordld@chron.com,Male,226.238.6.29
771,Bret,Pigney,bpigneyle@usnews.com,Male,166.192.71.217
772,Barrie,Laughren,blaughrenlf@prweb.com,Female,215.67.107.225
773,Perry,Francioli,pfranciolilg@squarespace.com,Male,139.91.1.104
774,Arvin,Evangelinos,aevangelinoslh@wordpress.org,Male,108.205.252.221
775,Bjorn,Abrahmer,babrahmerli@g.co,Male,205.252.226.122
776,Rina,Jaze,rjazelj@usa.gov,Female,126.113.188.93
777,Caralie,Eim,ceimlk@wufoo.com,Female,249.159.167.167
778,Laney,Esche,leschell@youku.com,Female,197.25.187.137
779,Sanson,Ibarra,sibarralm@goo.gl,Male,124.80.215.237
780,Ly,Bounde,lboundeln@weibo.com,Male,206.136.52.7
781,Ansell,Blowes,abloweslo@opera.com,Male,21.89.232.143
782,Sarge,Gatrill,sgatrilllp@wiley.com,Male,72.120.253.2
783,Dido,Leaves,dleaveslq@intel.com,Female,119.47.237.173
784,Sasha,Smewing,ssmewinglr@jugem.jp,Polygender,0.149.63.133
785,Wylie,Barreau,wbarreauls@si.edu,Male,113.112.241.36
786,Anica,Mountstephen,amountstephenlt@youtube.com,Female,57.197.159.69
787,Loy,Crookshank,lcrookshanklu@marriott.com,Male,149.60.105.199
788,Taddeo,Bennellick,tbennellicklv@surveymonkey.com,Male,200.86.176.200
789,Benn,Konert,bkonertlw@domainmarket.com,Genderfluid,107.75.63.194
790,Hilary,Jockle,hjocklelx@yale.edu,Female,94.26.59.69
791,Charmain,Whylie,cwhyliely@digg.com,Genderfluid,185.16.43.59
792,Addy,Hazzard,ahazzardlz@accuweather.com,Agender,205.62.44.242
793,Tades,Huffadine,thuffadinem0@lulu.com,Male,211.174.114.8
794,Vickie,Edlington,vedlingtonm1@1und1.de,Female,155.128.58.194
795,Penny,Ville,pvillem2@fotki.com,Genderqueer,44.228.174.99
796,Benson,Dinwoodie,bdinwoodiem3@altervista.org,Genderfluid,78.108.180.74
797,Kaye,Dufaur,kdufaurm4@vistaprint.com,Female,198.42.76.251
798,Matelda,Romeo,mromeom5@imgur.com,Female,213.195.69.228
799,Sharron,Dewett,sdewettm6@pbs.org,Female,217.91.61.119
800,Bron,Giannazzo,bgiannazzom7@furl.net,Male,155.16.206.38
801,Cordi,Sposito,cspositom8@latimes.com,Female,202.70.7.0
802,Brenn,Beernt,bbeerntm9@admin.ch,Non-binary,112.43.197.53
803,Candice,Greed,cgreedma@godaddy.com,Female,186.124.9.77
804,Sib,Jancic,sjancicmb@google.com.hk,Female,37.252.103.112
805,Salmon,Axell,saxellmc@loc.gov,Male,121.172.205.111
806,Carol,Chaplyn,cchaplynmd@statcounter.com,Female,183.26.229.198
807,Ilsa,Gerram,igerramme@xinhuanet.com,Female,243.232.51.111
808,D'arcy,Tight,dtightmf@mozilla.com,Male,236.186.151.26
809,Allis,Blaw,ablawmg@thetimes.co.uk,Female,225.35.163.243
810,Ragnar,Churly,rchurlymh@meetup.com,Male,160.176.109.80
811,Yardley,St Leger,ystlegermi@cdbaby.com,Male,65.230.182.211
812,Marj,Killbey,mkillbeymj@ovh.net,Female,219.233.46.208
813,Sashenka,Duiguid,sduiguidmk@taobao.com,Female,31.213.236.225
814,Harmon,Spelman,hspelmanml@state.gov,Male,66.118.103.90
815,Emmerich,Hayzer,ehayzermm@parallels.com,Male,102.55.174.162
816,Klemens,Gadd,kgaddmn@java.com,Male,185.124.97.64
817,Agatha,Grabiec,agrabiecmo@booking.com,Agender,64.134.212.127
818,Annmarie,Pala,apalamp@army.mil,Female,243.108.135.125
819,Susy,Ouldcott,souldcottmq@nba.com,Female,188.83.249.38
820,Alli,Siward,asiwardmr@php.net,Female,241.221.229.56
821,Dennie,Cottisford,dcottisfordms@vkontakte.ru,Female,5.182.46.66
822,Trescha,Clamp,tclampmt@paypal.com,Female,73.29.91.71
823,Heddie,Windram,hwindrammu@abc.net.au,Female,176.152.142.36
824,Alleyn,Charlo,acharlomv@indiegogo.com,Male,253.135.115.102
825,Helenelizabeth,Standall,hstandallmw@liveinternet.ru,Female,239.253.87.78
826,Matias,Lembrick,mlembrickmx@ustream.tv,Male,219.44.95.0
827,Erminia,Scoggans,escoggansmy@nba.com,Female,252.194.150.57
828,Lorin,Finicj,lfinicjmz@storify.com,Male,26.46.93.170
829,Otha,Wittey,owitteyn0@github.com,Female,2.112.3.41
830,Fania,Litton,flittonn1@aol.com,Female,138.62.174.104
831,Fianna,Titherington,ftitheringtonn2@nationalgeographic.com,Female,108.232.98.118
832,Farris,Jales,fjalesn3@ameblo.jp,Male,231.147.18.107
833,Rachele,Keyes,rkeyesn4@merriam-webster.com,Female,83.156.163.155
834,Cassy,Bottleson,cbottlesonn5@ox.ac.uk,Female,61.14.48.248
835,Lay,Fluck,lfluckn6@odnoklassniki.ru,Male,175.13.54.170
836,Kristofer,De Simoni,kdesimonin7@cnbc.com,Male,238.125.37.100
837,Mariejeanne,Bolderstone,mbolderstonen8@bravesites.com,Female,122.247.7.181
838,Cinderella,Andretti,candrettin9@noaa.gov,Female,57.171.203.77
839,Martynne,Tallent,mtallentna@kickstarter.com,Female,59.237.219.130
840,Brendan,Brimble,bbrimblenb@deviantart.com,Male,182.198.194.11
841,Hamilton,Lowseley,hlowseleync@aboutads.info,Non-binary,98.167.129.234
842,Stearne,Botcherby,sbotcherbynd@slashdot.org,Male,159.30.85.29
843,Gwen,Thow,gthowne@loc.gov,Female,38.116.129.100
844,Seline,Buntine,sbuntinenf@google.fr,Female,70.8.117.200
845,Eward,Acreman,eacremanng@archive.org,Non-binary,41.180.9.191
846,Alisander,Iianon,aiianonnh@sohu.com,Male,184.154.64.2
847,Aime,Jennrich,ajennrichni@arizona.edu,Female,0.48.212.77
848,Nissa,Igo,nigonj@hugedomains.com,Female,9.47.234.155
849,Chrissie,Faragher,cfaraghernk@wiley.com,Female,199.10.171.148
850,Felike,Van der Mark,fvandermarknl@japanpost.jp,Male,115.222.35.16
851,Rena,Donalson,rdonalsonnm@pen.io,Female,202.64.217.211
852,Maxy,Breton,mbretonnn@acquirethisname.com,Male,70.66.97.149
853,Magdalen,Lax,mlaxno@webnode.com,Female,80.206.63.53
854,Nari,Pauly,npaulynp@arizona.edu,Female,210.195.176.118
855,Jermain,Spyer,jspyernq@answers.com,Male,138.95.109.116
856,Alleyn,Hannond,ahannondnr@biblegateway.com,Male,218.118.218.225
857,Mikel,Nuccii,mnucciins@sbwire.com,Male,103.163.90.102
858,Agatha,Cyphus,acyphusnt@hhs.gov,Female,227.191.165.124
859,Webb,Klimecki,wklimeckinu@devhub.com,Genderqueer,254.216.176.176
860,Silvie,Ellicombe,sellicombenv@webs.com,Female,136.19.195.22
861,Spike,Hamblen,shamblennw@sourceforge.net,Male,236.209.47.112
862,Frasier,Filasov,ffilasovnx@cloudflare.com,Male,155.212.45.167
863,Luis,Jephcote,ljephcoteny@cargocollective.com,Male,78.152.9.140
864,Sebastian,Bergen,sbergennz@vimeo.com,Male,206.230.24.148
865,Sande,Halhead,shalheado0@tumblr.com,Female,29.121.100.54
866,Thorndike,Surman-Wells,tsurmanwellso1@github.com,Male,41.99.232.211
867,Beryl,Yakuntzov,byakuntzovo2@time.com,Female,51.164.116.31
868,Erin,Voisey,evoiseyo3@acquirethisname.com,Male,201.26.250.168
869,Janel,Muccino,jmuccinoo4@constantcontact.com,Female,82.13.149.41
870,Aldrich,Bortolutti,abortoluttio5@cisco.com,Male,219.120.92.61
871,Rem,Aldrich,raldricho6@soundcloud.com,Genderqueer,59.63.240.202
872,Herold,Scothorn,hscothorno7@flavors.me,Male,159.164.82.90
873,Raimondo,Farney,rfarneyo8@arizona.edu,Bigender,75.124.96.253
874,Else,Syphas,esyphaso9@linkedin.com,Female,49.142.152.45
875,Dedra,Dunne,ddunneoa@forbes.com,Female,58.153.117.92
876,Pietrek,Bariball,pbariballob@hibu.com,Male,145.119.120.65
877,My,Delwater,mdelwateroc@biblegateway.com,Male,43.52.70.214
878,Emmanuel,Stickley,estickleyod@wix.com,Male,159.158.200.61
879,Fran,Shapland,fshaplandoe@goodreads.com,Male,214.233.249.76
880,Querida,Lippitt,qlippittof@behance.net,Female,30.6.124.110
881,Scott,Eglaise,seglaiseog@storify.com,Male,244.153.66.59
882,Carrie,Timlett,ctimlettoh@nifty.com,Female,137.146.196.210
883,Kathlin,Rebillard,krebillardoi@state.tx.us,Female,78.124.67.250
884,Myron,Anslow,manslowoj@sciencedirect.com,Male,236.92.166.142
885,Coreen,Wickling,cwicklingok@nhs.uk,Female,7.208.69.19
886,Trista,Loiterton,tloitertonol@free.fr,Female,128.192.123.21
887,Reinhard,Castiglione,rcastiglioneom@barnesandnoble.com,Male,132.222.197.236
888,Bren,O'Towey,botoweyon@meetup.com,Polygender,121.23.188.245
889,Tawsha,Orford,torfordoo@ehow.com,Female,9.34.184.193
890,Sharlene,Stawell,sstawellop@sohu.com,Genderfluid,196.130.129.5
891,Nap,Poulsum,npoulsumoq@desdev.cn,Male,128.99.200.165
892,Dorthea,Kanter,dkanteror@state.tx.us,Female,175.41.13.205
893,Mamie,Margiotta,mmargiottaos@sakura.ne.jp,Female,129.216.238.255
894,Olympe,Cubbino,ocubbinoot@chronoengine.com,Female,152.127.99.25
895,Robinson,Bratten,rbrattenou@msu.edu,Male,38.107.209.71
896,Hendrick,Derdes,hderdesov@microsoft.com,Male,115.92.168.203
897,Marillin,Kitlee,mkitleeow@google.de,Non-binary,28.201.153.168
898,Radcliffe,Rumford,rrumfordox@goo.gl,Male,21.177.3.234
899,Ariel,Dransfield,adransfieldoy@java.com,Female,175.69.204.80
900,Clio,Reinmar,creinmaroz@nifty.com,Female,49.154.47.211
901,Marla,McCray,mmccrayp0@bravesites.com,Female,137.131.19.239
902,Athene,Akrigg,aakriggp1@deviantart.com,Female,19.29.71.89
903,Carree,Trace,ctracep2@livejournal.com,Female,24.45.166.101
904,Felicdad,McKenzie,fmckenziep3@feedburner.com,Female,135.129.142.150
905,Drusi,Tutchings,dtutchingsp4@washingtonpost.com,Female,119.247.130.213
906,Neal,Ditchett,nditchettp5@engadget.com,Male,205.141.119.70
907,Flossi,Attenbrow,fattenbrowp6@sogou.com,Female,155.66.252.106
908,Adah,Stearns,astearnsp7@google.de,Female,159.93.55.98
909,Sissie,McVittie,smcvittiep8@devhub.com,Female,150.231.114.129
910,Shir,Blandamere,sblandamerep9@mayoclinic.com,Female,68.175.204.154
911,Shandy,McCaughen,smccaughenpa@behance.net,Female,13.247.211.170
912,Claus,Walster,cwalsterpb@spiegel.de,Male,190.10.168.57
913,Jaye,Roeby,jroebypc@vimeo.com,Male,229.83.210.19
914,Aleen,Naper,anaperpd@japanpost.jp,Female,211.219.141.132
915,Wald,Dunkerly,wdunkerlype@imdb.com,Male,29.189.110.99
916,Jerry,Connerly,jconnerlypf@etsy.com,Agender,241.19.142.223
917,Bil,McGrowther,bmcgrowtherpg@phpbb.com,Male,7.150.162.71
918,Riobard,Whitcombe,rwhitcombeph@google.co.uk,Male,60.200.171.12
919,Lloyd,Rostern,lrosternpi@uiuc.edu,Male,122.15.46.14
920,Nickolaus,Cutchee,ncutcheepj@twitter.com,Male,126.54.6.136
921,Conchita,Deam,cdeampk@pbs.org,Female,96.18.172.132
922,Gretta,Weems,gweemspl@pcworld.com,Female,23.44.184.61
923,Peirce,Kem,pkempm@nba.com,Male,38.147.236.210
924,Donnie,Rafferty,draffertypn@facebook.com,Male,21.30.211.228
925,Shaylyn,Tremeer,stremeerpo@google.com.au,Female,189.205.30.202
926,Celestina,Pavel,cpavelpp@scientificamerican.com,Female,222.90.250.227
927,Ardenia,Deviney,adevineypq@gnu.org,Female,228.150.119.131
928,Chandra,Delgardo,cdelgardopr@people.com.cn,Female,47.37.83.211
929,Stephanus,Jiles,sjilesps@ovh.net,Polygender,67.131.196.7
930,Fleurette,Bremmer,fbremmerpt@senate.gov,Female,113.63.32.232
931,Cale,Colley,ccolleypu@phpbb.com,Male,226.64.18.246
932,Kippie,Itzcak,kitzcakpv@bloglovin.com,Female,229.112.29.29
933,Genvieve,Lackeye,glackeyepw@webnode.com,Female,43.161.155.40
934,Tucker,O'Kerin,tokerinpx@hp.com,Male,176.141.90.103
935,Davis,Toovey,dtooveypy@virginia.edu,Male,135.121.70.32
936,Lacy,Causon,lcausonpz@php.net,Polygender,235.122.124.176
937,Mala,Anten,mantenq0@cyberchimps.com,Female,63.68.202.64
938,Sibyl,Hazelhurst,shazelhurstq1@statcounter.com,Male,252.185.229.175
939,Irwinn,Ablett,iablettq2@123-reg.co.uk,Male,201.66.43.219
940,Drucy,Etherson,dethersonq3@sphinn.com,Female,17.208.10.56
941,Bondon,McCandless,bmccandlessq4@163.com,Genderfluid,214.242.54.193
942,Mariana,Lanham,mlanhamq5@nba.com,Female,65.240.90.253
943,Henryetta,Wincom,hwincomq6@sciencedirect.com,Female,195.244.109.254
944,Terrell,Espin,tespinq7@psu.edu,Male,47.205.227.235
945,Rubie,Walesby,rwalesbyq8@marketwatch.com,Female,151.14.209.27
946,Gaelan,Kedwell,gkedwellq9@weebly.com,Male,170.215.131.213
947,Jeremiah,Dilon,jdilonqa@fema.gov,Male,200.235.212.91
948,Aubert,Doree,adoreeqb@java.com,Male,45.227.204.200
949,Tremayne,Giffin,tgiffinqc@virginia.edu,Male,186.115.53.8
950,Teddy,Jaquiss,tjaquissqd@purevolume.com,Non-binary,16.213.58.207
951,Ernest,Cutill,ecutillqe@earthlink.net,Male,254.37.226.41
952,Wynny,Dayley,wdayleyqf@devhub.com,Female,100.30.80.176
953,Helyn,Lippett,hlippettqg@un.org,Female,63.57.54.205
954,Melisandra,Pendered,mpenderedqh@msu.edu,Female,65.50.170.95
955,Corney,McEneny,cmcenenyqi@oracle.com,Male,54.109.161.10
956,Skell,Pervew,spervewqj@vistaprint.com,Male,78.118.48.60
957,Wat,Ezele,wezeleqk@shutterfly.com,Male,2.105.138.111
958,Krishnah,Capes,kcapesql@wp.com,Male,166.221.111.250
959,Clemente,Shorto,cshortoqm@barnesandnoble.com,Genderqueer,238.24.220.187
960,Fabio,Hassekl,fhasseklqn@drupal.org,Male,88.146.40.132
961,Tabby,Fells,tfellsqo@google.de,Male,214.203.241.74
962,Manfred,Jeremaes,mjeremaesqp@pagesperso-orange.fr,Male,82.151.131.230
963,Kalli,Ruzek,kruzekqq@time.com,Female,107.216.69.107
964,Kippar,Zanitti,kzanittiqr@engadget.com,Male,20.36.161.28
965,Mendie,Grewe,mgreweqs@goo.ne.jp,Male,150.197.222.188
966,Noami,Asquith,nasquithqt@telegraph.co.uk,Female,219.240.106.49
967,Milt,Kippins,mkippinsqu@de.vu,Male,209.49.242.106
968,Allie,Waldram,awaldramqv@army.mil,Male,38.154.158.210
969,Menard,Theurer,mtheurerqw@accuweather.com,Male,186.34.97.81
970,Niels,Frowen,nfrowenqx@symantec.com,Male,144.198.49.153
971,Luther,Di Bernardo,ldibernardoqy@intel.com,Male,114.51.234.220
972,Christophe,Isaaksohn,cisaaksohnqz@marriott.com,Male,226.61.57.70
973,Elana,Trenoweth,etrenowethr0@prlog.org,Female,169.84.94.50
974,Salomon,Hayer,shayerr1@ibm.com,Male,35.203.80.124
975,Deva,Bernardoux,dbernardouxr2@bizjournals.com,Female,53.127.197.226
976,Had,Abbett,habbettr3@hatena.ne.jp,Male,214.71.158.201
977,Elicia,Cullinan,ecullinanr4@desdev.cn,Agender,102.3.46.240
978,Marybeth,Pietrzak,mpietrzakr5@baidu.com,Female,117.180.164.42
979,Minette,Townshend,mtownshendr6@bing.com,Female,207.120.197.161
980,Rosmunda,Rodenburg,rrodenburgr7@wp.com,Female,43.94.194.125
981,Yvor,Duchesne,yduchesner8@elpais.com,Male,223.11.15.65
982,Danny,Gaywood,dgaywoodr9@angelfire.com,Male,11.211.157.71
983,Joyce,Limer,jlimerra@infoseek.co.jp,Female,204.204.215.211
984,Karlens,Donalson,kdonalsonrb@feedburner.com,Male,111.41.186.44
985,Ethan,Tomik,etomikrc@macromedia.com,Male,46.215.198.233
986,Tiff,Judkins,tjudkinsrd@people.com.cn,Female,122.249.51.149
987,Sisile,Budgen,sbudgenre@prweb.com,Female,42.170.133.80
988,Lamond,Roark,lroarkrf@dailymotion.com,Male,214.195.47.139
989,Leicester,Wofenden,lwofendenrg@linkedin.com,Male,178.75.17.86
990,Alaster,Feely,afeelyrh@businessinsider.com,Agender,75.229.86.244
991,Dalia,Kuhlmey,dkuhlmeyri@cargocollective.com,Female,101.160.27.17
992,Eden,Millhill,emillhillrj@forbes.com,Female,138.108.26.84
993,Grover,Remer,gremerrk@toplist.cz,Male,171.93.81.49
994,Mischa,Prando,mprandorl@dailymotion.com,Male,127.192.250.24
995,Reta,Nunnery,rnunneryrm@youtube.com,Female,213.114.240.168
996,Arleta,Cosgreave,acosgreavern@netvibes.com,Female,56.37.218.191
997,Maura,Capel,mcapelro@google.co.jp,Female,163.13.72.78
998,Madlen,Frankcombe,mfrankcomberp@behance.net,Female,98.183.59.21
999,Cathrine,Tuvey,ctuveyrq@biblegateway.com,Female,193.92.241.202
1000,Bobby,Haggith,bhaggithrr@prweb.com,Male,211.203.131.130
