id,first_name,last_name,email,gender,ip_address
1,Claudius,Metrick,cmetrick0@slate.com,Male,72.183.64.105
2,Moyra,Worthing,mworthing1@wordpress.com,Non-binary,11.170.203.172
3,Jedidiah,Marchi,jmarchi2@admin.ch,Male,36.64.23.63
4,Dalia,Martignon,dmartignon3@t.co,Female,3.224.229.138
5,Cirillo,Billham,cbillham4@intel.com,Male,116.171.77.149
6,Son,Levitt,slevitt5@sun.com,Male,91.107.215.242
7,Timi,von Hagt,tvonhagt6@jalbum.net,Female,69.93.113.102
8,Kennan,Bullimore,kbullimore7@vk.com,Male,25.213.43.196
9,Bertie,Klees,bklees8@hubpages.com,Male,132.249.151.67
10,Heddi,Sailer,hsailer9@edublogs.org,Polygender,2.187.153.170
11,Broderick,Glazyer,bglazyera@umich.edu,Male,83.40.120.129
12,Victoir,Brealey,vbrealeyb@xrea.com,Male,217.4.167.99
13,Orelie,Habble,ohabblec@amazon.co.uk,Female,36.223.125.106
14,Creight,Wais,cwaisd@hc360.com,Male,197.94.129.92
15,Nan,Dainty,ndaintye@twitter.com,Agender,5.10.190.232
16,Andrei,Severn,asevernf@yale.edu,Female,1.36.29.47
17,Cort,Janczyk,cjanczykg@elpais.com,Male,72.200.207.152
18,Davine,Edensor,dedensorh@tmall.com,Female,240.72.204.98
19,Florri,Kunisch,fkunischi@state.tx.us,Female,58.107.212.93
20,Cinnamon,Haile,chailej@toplist.cz,Genderqueer,138.212.103.105
21,Theressa,Shewon,tshewonk@goo.gl,Non-binary,196.90.141.60
22,Aloysius,O' Mulderrig,aomulderrigl@sphinn.com,Male,82.113.154.228
23,Issi,Kibard,ikibardm@macromedia.com,Female,96.248.207.41
24,Rriocard,Breens,rbreensn@auda.org.au,Male,101.48.1.4
25,Jessy,Mulvey,jmulveyo@reference.com,Female,1.51.137.171
26,Pren,Itchingham,pitchinghamp@cargocollective.com,Male,27.212.140.177
27,Swen,Heinssen,sheinssenq@guardian.co.uk,Male,77.210.122.93
28,Eleanora,Harbin,eharbinr@pen.io,Female,126.246.92.171
29,Raynor,Bagg,rbaggs@jugem.jp,Male,34.36.127.116
30,Loydie,Longfoot,llongfoott@hao123.com,Male,7.185.163.153
31,Ginelle,Burr,gburru@pen.io,Female,159.18.180.52
32,Amie,Thew,athewv@businessinsider.com,Female,72.195.96.55
33,Jarred,Hagan,jhaganw@pcworld.com,Male,237.80.231.236
34,Morris,Mirams,mmiramsx@wikimedia.org,Male,11.162.82.179
35,Dniren,Willmett,dwillmetty@webnode.com,Female,131.137.230.92
36,Marty,Shervil,mshervilz@example.com,Male,144.132.108.250
37,Giuditta,Yude,gyude10@skype.com,Female,152.209.243.110
38,Vinny,Clemo,vclemo11@biglobe.ne.jp,Male,28.114.241.53
39,Igor,Deverell,ideverell12@elegantthemes.com,Male,98.129.38.239
40,Catharina,Mariot,cmariot13@sogou.com,Female,146.147.176.200
41,Tomas,Pashe,tpashe14@list-manage.com,Male,17.73.113.91
42,Randolf,Cranstoun,rcranstoun15@webeden.co.uk,Male,8.76.117.118
43,Humfrey,Glavin,hglavin16@reddit.com,Male,74.198.225.72
44,Ulrick,Roll,uroll17@china.com.cn,Male,192.63.106.21
45,Gav,Babbs,gbabbs18@sfgate.com,Male,201.177.83.36
46,Deborah,Chappell,dchappell19@lycos.com,Female,68.5.2.162
47,Lyndsey,Ledekker,lledekker1a@rambler.ru,Female,143.44.8.175
48,Row,Gozzett,rgozzett1b@posterous.com,Female,13.251.120.236
49,Isahella,Vynall,ivynall1c@bandcamp.com,Non-binary,184.102.79.106
50,Lydie,Paur,lpaur1d@reuters.com,Female,195.161.244.43
51,Fin,Matzeitis,fmatzeitis1e@scientificamerican.com,Male,244.103.250.25
52,Michel,Sandlin,msandlin1f@wikimedia.org,Female,110.252.61.23
53,Hildy,Garlinge,hgarlinge1g@youku.com,Female,45.101.35.1
54,Ellissa,O'Dowd,eodowd1h@admin.ch,Female,190.56.109.45
55,Tobie,Bulleyn,tbulleyn1i@unblog.fr,Male,26.129.142.233
56,Fred,Coombe,fcoombe1j@senate.gov,Female,179.217.16.54
57,Hector,Weson,hweson1k@example.com,Male,226.86.243.69
58,Kendra,Gallehawk,kgallehawk1l@devhub.com,Genderfluid,67.130.195.125
59,Benyamin,Lepere,blepere1m@imgur.com,Male,103.149.228.83
60,Barry,Plaskett,bplaskett1n@house.gov,Female,49.44.139.160
61,Birdie,Prevett,bprevett1o@jigsy.com,Agender,38.224.62.84
62,Gustie,Weddeburn - Scrimgeour,gweddeburnscrimgeour1p@about.me,Female,6.181.18.96
63,Eberto,Bussell,ebussell1q@shop-pro.jp,Male,220.146.249.219
64,Gaylene,Domenicone,gdomenicone1r@newsvine.com,Female,182.219.40.196
65,Marieann,Sarah,msarah1s@apache.org,Agender,88.247.133.251
66,Rock,Decroix,rdecroix1t@seattletimes.com,Male,213.82.224.117
67,Arlen,Kuhlen,akuhlen1u@shutterfly.com,Male,52.78.4.238
68,Nathan,Sumpter,nsumpter1v@businessinsider.com,Male,132.29.131.224
69,Carlo,Hopewell,chopewell1w@mysql.com,Male,161.192.149.155
70,Bar,Gunny,bgunny1x@toplist.cz,Male,188.203.232.169
71,Alexandrina,Jacqueminot,ajacqueminot1y@adobe.com,Female,254.74.192.141
72,Kipp,Robardley,krobardley1z@fda.gov,Female,89.25.15.32
73,Toddy,Buckeridge,tbuckeridge20@eepurl.com,Genderqueer,128.106.177.229
74,Serene,MacCracken,smaccracken21@bloglines.com,Female,216.93.80.91
75,Ephrem,Normant,enormant22@edublogs.org,Male,56.116.121.202
76,Susette,Grealey,sgrealey23@ask.com,Female,131.171.102.37
77,Marve,Rawls,mrawls24@flickr.com,Male,229.87.210.50
78,Hinda,Matthai,hmatthai25@sciencedirect.com,Female,255.119.207.213
79,Adey,Rosita,arosita26@about.com,Polygender,5.2.15.73
80,Roanna,Carthew,rcarthew27@devhub.com,Female,109.150.89.165
81,Ephrayim,Gleeton,egleeton28@blog.com,Male,238.98.197.128
82,Erskine,Glennard,eglennard29@amazon.co.jp,Male,0.236.197.156
83,Melisandra,Faircliff,mfaircliff2a@nydailynews.com,Female,78.107.26.7
84,Edgardo,Setterington,esetterington2b@squarespace.com,Male,161.142.1.176
85,Dukie,Bendelow,dbendelow2c@nih.gov,Male,175.210.241.216
86,Nessy,Yeeles,nyeeles2d@google.com.au,Female,45.70.46.155
87,Hadria,Penk,hpenk2e@elpais.com,Female,142.220.195.148
88,Myrtie,Yurinov,myurinov2f@nsw.gov.au,Female,184.76.49.74
89,Andreas,Lancley,alancley2g@salon.com,Non-binary,29.108.147.240
90,Sharon,Frankum,sfrankum2h@blogger.com,Female,96.28.195.192
91,Adella,Coronado,acoronado2i@163.com,Agender,247.242.154.199
92,Samson,De Cruce,sdecruce2j@ucsd.edu,Genderqueer,3.100.151.120
93,Farlay,MacMichael,fmacmichael2k@hc360.com,Male,93.50.212.234
94,Iver,Gumbley,igumbley2l@gravatar.com,Male,240.246.128.80
95,Timoteo,Masselin,tmasselin2m@rediff.com,Male,141.255.17.170
96,Ludovico,Pickles,lpickles2n@hc360.com,Male,193.39.80.36
97,Dewie,Bernhart,dbernhart2o@kickstarter.com,Male,255.98.43.252
98,Isaak,Burgh,iburgh2p@google.com.br,Male,38.183.230.127
99,Fawn,Bierling,fbierling2q@fotki.com,Female,80.204.103.230
100,Sherie,McGenn,smcgenn2r@sohu.com,Female,94.88.147.72
101,Elnar,Baldinotti,ebaldinotti2s@dagondesign.com,Male,200.212.198.154
102,Zola,Pester,zpester2t@netlog.com,Female,165.28.207.92
103,Lainey,Sarjant,lsarjant2u@nhs.uk,Female,88.137.135.151
104,Dara,Canizares,dcanizares2v@deliciousdays.com,Female,124.2.255.243
105,Fanechka,Ellerington,fellerington2w@t-online.de,Female,77.215.117.80
106,Robby,Radenhurst,rradenhurst2x@alibaba.com,Agender,123.18.22.146
107,Evyn,Crosham,ecrosham2y@csmonitor.com,Male,203.21.43.99
108,Buiron,Hinckesman,bhinckesman2z@squidoo.com,Male,117.3.1.150
109,Gwyn,Ziem,gziem30@cisco.com,Female,19.39.230.50
110,Katherina,Vasilyev,kvasilyev31@ow.ly,Female,30.97.28.95
111,Nickie,Russ,nruss32@github.io,Female,222.138.197.253
112,Bartolomeo,Forton,bforton33@utexas.edu,Male,22.170.35.246
113,Clayton,Le Quesne,clequesne34@columbia.edu,Male,133.219.105.46
114,Garey,Isacq,gisacq35@edublogs.org,Agender,246.204.200.250
115,Tabbie,Grichukhin,tgrichukhin36@moonfruit.com,Female,88.96.14.57
116,Rodrick,Cribbin,rcribbin37@de.vu,Male,128.6.162.84
117,Leta,Attril,lattril38@phpbb.com,Female,25.81.245.153
118,Abramo,Andrelli,aandrelli39@squarespace.com,Male,86.175.225.186
119,Salomo,Bamford,sbamford3a@npr.org,Male,101.86.26.72
120,Ephraim,Swafford,eswafford3b@yellowbook.com,Male,80.35.77.173
121,Phillip,Pettigree,ppettigree3c@icq.com,Male,80.47.172.37
122,Cesar,Hiorn,chiorn3d@redcross.org,Male,206.111.204.36
123,Pippa,D'Hooge,pdhooge3e@walmart.com,Female,78.4.64.255
124,Ebony,Rollingson,erollingson3f@nasa.gov,Female,190.125.227.31
125,Amil,Saunder,asaunder3g@slideshare.net,Female,98.163.6.81
126,Abbey,Ranscome,aranscome3h@tuttocitta.it,Male,245.8.165.218
127,Doreen,Worcs,dworcs3i@mysql.com,Female,212.176.145.58
128,Ginger,Lello,glello3j@mail.ru,Genderfluid,19.178.1.138
129,Brigg,Readwin,breadwin3k@wiley.com,Male,153.177.132.193
130,Rosemaria,Mor,rmor3l@ted.com,Female,166.197.173.149
131,Jody,Jamot,jjamot3m@naver.com,Male,203.143.198.132
132,Zerk,Abbatini,zabbatini3n@upenn.edu,Male,244.14.171.102
133,Drusie,Plank,dplank3o@icio.us,Female,33.20.183.212
134,Alvy,Folkerd,afolkerd3p@vistaprint.com,Male,227.119.15.237
135,Maribelle,Chinnock,mchinnock3q@go.com,Female,98.31.94.173
136,Trent,Pesik,tpesik3r@economist.com,Male,218.144.100.221
137,Tasia,Disbrow,tdisbrow3s@yahoo.com,Female,111.164.29.96
138,Gigi,Lorkins,glorkins3t@admin.ch,Female,87.121.58.137
139,Obed,Stonner,ostonner3u@slideshare.net,Male,89.5.109.92
140,Tildi,Redemile,tredemile3v@xing.com,Female,120.93.26.36
141,Moe,Britzius,mbritzius3w@photobucket.com,Male,223.27.216.101
142,Anthony,Powner,apowner3x@quantcast.com,Male,208.142.114.28
143,Jud,Dalloway,jdalloway3y@dagondesign.com,Male,239.162.216.215
144,Loren,Adame,ladame3z@skyrock.com,Female,37.238.85.82
145,Emmott,Willshee,ewillshee40@joomla.org,Male,210.50.170.22
146,Zita,Leer,zleer41@abc.net.au,Female,158.192.132.56
147,Carlye,MacSwayde,cmacswayde42@disqus.com,Female,81.169.163.12
148,Durante,Flaxon,dflaxon43@engadget.com,Male,63.174.246.192
149,Saunders,Jirik,sjirik44@forbes.com,Male,77.202.186.248
150,Lory,Haslum,lhaslum45@narod.ru,Polygender,67.159.161.89
151,Renato,Yoell,ryoell46@e-recht24.de,Male,191.247.136.193
152,Annis,Gerbel,agerbel47@about.me,Female,190.108.33.244
153,Colman,Quare,cquare48@tumblr.com,Male,39.169.129.1
154,Keary,Kynoch,kkynoch49@gnu.org,Male,42.139.194.180
155,Missy,Dani,mdani4a@google.com.au,Female,174.86.23.54
156,Clint,Glowacha,cglowacha4b@shareasale.com,Male,204.111.12.9
157,Brittaney,Brent,bbrent4c@netvibes.com,Genderfluid,165.127.155.151
158,Joannes,Ewart,jewart4d@businessinsider.com,Female,81.179.124.239
159,Evania,Hulstrom,ehulstrom4e@spiegel.de,Female,218.74.126.53
160,Ketti,McCarlie,kmccarlie4f@tuttocitta.it,Female,220.136.242.221
161,Wileen,Raddon,wraddon4g@vimeo.com,Female,231.246.16.48
162,Susie,Treat,streat4h@bizjournals.com,Female,118.88.253.77
163,Wyatt,Mitcheson,wmitcheson4i@chicagotribune.com,Male,149.42.239.205
164,Bing,MacShane,bmacshane4j@creativecommons.org,Male,83.166.161.81
165,Jyoti,Winder,jwinder4k@creativecommons.org,Polygender,30.72.11.182
166,Jayne,Ronald,jronald4l@sakura.ne.jp,Female,215.247.233.90
167,Northrup,Bonefant,nbonefant4m@sphinn.com,Male,200.62.153.121
168,Donna,Kinzett,dkinzett4n@51.la,Female,239.216.123.173
169,Otho,Jeffcoat,ojeffcoat4o@newyorker.com,Male,243.109.181.139
170,Audy,Werner,awerner4p@meetup.com,Female,231.143.195.202
171,Sutherlan,Jost,sjost4q@phpbb.com,Male,250.24.151.137
172,Walt,Causbey,wcausbey4r@wsj.com,Male,100.107.105.252
173,Christi,Frandsen,cfrandsen4s@ocn.ne.jp,Female,31.222.114.57
174,Allie,Sheather,asheather4t@printfriendly.com,Female,202.85.236.163
175,Kaitlynn,Chezelle,kchezelle4u@ameblo.jp,Female,49.227.96.77
176,Maximo,Nowak,mnowak4v@ibm.com,Male,240.240.75.204
177,Celisse,Piechnik,cpiechnik4w@123-reg.co.uk,Female,181.217.134.85
178,Wayne,Nutley,wnutley4x@ted.com,Male,76.41.136.117
179,Nessy,Dabell,ndabell4y@addtoany.com,Female,229.73.183.142
180,Veda,Kimblen,vkimblen4z@google.de,Female,227.136.164.163
181,Taite,Ferreli,tferreli50@cam.ac.uk,Male,243.203.159.116
182,Beverly,Burrow,bburrow51@salon.com,Female,246.134.94.110
183,Madelina,Stroyan,mstroyan52@sciencedaily.com,Female,194.45.230.198
184,Delmer,Edyson,dedyson53@eepurl.com,Male,148.191.18.186
185,Dana,Bolzen,dbolzen54@4shared.com,Female,251.213.234.227
186,Crichton,Knevit,cknevit55@slideshare.net,Male,251.196.121.181
187,Christie,Thackwray,cthackwray56@admin.ch,Female,97.61.77.171
188,Chevalier,Ranyell,cranyell57@de.vu,Male,214.39.26.202
189,Lem,Spadazzi,lspadazzi58@cmu.edu,Male,148.245.86.226
190,Zared,Schaffel,zschaffel59@comcast.net,Male,62.185.66.40
191,Octavia,Digg,odigg5a@jiathis.com,Female,124.255.8.98
192,Johnnie,Dunmore,jdunmore5b@icio.us,Male,126.146.238.136
193,Abey,Borgne,aborgne5c@bandcamp.com,Male,186.196.46.52
194,Stephine,Molyneux,smolyneux5d@answers.com,Female,8.65.123.215
195,Adelbert,Yeskov,ayeskov5e@delicious.com,Male,236.191.251.205
196,Elliot,Juste,ejuste5f@histats.com,Genderfluid,147.153.90.15
197,Jarred,Glassard,jglassard5g@ustream.tv,Male,19.161.118.70
198,Jase,Hedney,jhedney5h@oracle.com,Male,140.239.130.105
199,Melisandra,Marjoribanks,mmarjoribanks5i@google.de,Female,47.163.36.238
200,Doyle,Cleever,dcleever5j@diigo.com,Male,213.117.203.109
201,Kaja,De Metz,kdemetz5k@ning.com,Agender,169.84.148.120
202,Drona,Crombleholme,dcrombleholme5l@yellowpages.com,Polygender,159.83.180.7
203,Fania,Gelderd,fgelderd5m@studiopress.com,Female,162.143.35.41
204,Meriel,Clougher,mclougher5n@yellowpages.com,Female,89.152.22.80
205,Hugo,Koop,hkoop5o@dell.com,Male,89.215.31.214
206,Nickolai,Iwanowicz,niwanowicz5p@msu.edu,Male,185.173.26.177
207,Hermann,Hinksen,hhinksen5q@nyu.edu,Male,184.123.150.201
208,Rebecca,McElvine,rmcelvine5r@symantec.com,Female,194.232.197.189
209,Dot,McSperrin,dmcsperrin5s@blogspot.com,Female,206.232.16.200
210,Monika,Humbey,mhumbey5t@paypal.com,Female,113.221.157.60
211,Annmarie,Capel,acapel5u@sohu.com,Female,129.224.180.153
212,Constantina,Brabyn,cbrabyn5v@bloglovin.com,Female,62.170.254.38
213,Donall,Jermy,djermy5w@comsenz.com,Male,145.158.28.155
214,Yurik,Defont,ydefont5x@4shared.com,Male,81.252.26.36
215,Thor,Thripp,tthripp5y@reuters.com,Male,62.8.238.100
216,Ofilia,Laurentin,olaurentin5z@cnn.com,Female,215.1.154.182
217,Vanya,Tearle,vtearle60@japanpost.jp,Genderfluid,75.46.62.53
218,Hamish,Koenen,hkoenen61@dropbox.com,Male,178.193.198.97
219,Ralph,Mattisssen,rmattisssen62@vimeo.com,Male,137.171.85.214
220,Clement,O' Meara,comeara63@howstuffworks.com,Male,45.202.6.45
221,Shayne,Lissandri,slissandri64@skyrock.com,Male,31.5.19.152
222,Agnella,Bearcock,abearcock65@wired.com,Female,222.49.23.26
223,Regine,Gentery,rgentery66@mapquest.com,Female,174.46.156.43
224,Codee,Baselio,cbaselio67@yellowbook.com,Female,36.108.116.204
225,Isiahi,Di Bartolommeo,idibartolommeo68@facebook.com,Male,24.88.132.118
226,Shell,Dansken,sdansken69@opera.com,Male,206.163.158.50
227,Brynn,Jakovijevic,bjakovijevic6a@samsung.com,Female,128.73.220.9
228,Kit,Benduhn,kbenduhn6b@mozilla.com,Male,227.21.105.34
229,Burl,Salterne,bsalterne6c@plala.or.jp,Male,201.28.96.112
230,Bridgette,Goady,bgoady6d@hhs.gov,Genderqueer,139.75.121.205
231,Rockie,Gegay,rgegay6e@loc.gov,Male,117.35.44.156
232,Kiersten,Thorne,kthorne6f@blogger.com,Female,144.28.211.219
233,Ulrick,Bartaloni,ubartaloni6g@goo.ne.jp,Male,126.43.32.174
234,Kristoffer,Lambal,klambal6h@ustream.tv,Male,173.249.198.44
235,Moyra,Rodolf,mrodolf6i@geocities.jp,Female,1.99.170.140
236,Winni,Farlamb,wfarlamb6j@trellian.com,Female,8.95.52.184
237,Edith,Doding,edoding6k@archive.org,Female,155.161.123.7
238,Marius,Windaybank,mwindaybank6l@engadget.com,Male,31.152.71.95
239,Maris,Emmens,memmens6m@chron.com,Non-binary,35.42.253.178
240,Archer,Leaver,aleaver6n@imageshack.us,Male,130.104.122.160
241,Trstram,Kops,tkops6o@marriott.com,Male,50.255.213.21
242,Eberhard,Wedgwood,ewedgwood6p@constantcontact.com,Male,53.199.79.229
243,Vanessa,Beirne,vbeirne6q@moonfruit.com,Female,254.170.183.240
244,Goraud,Cumine,gcumine6r@over-blog.com,Male,91.177.61.192
245,Angeli,Grinstead,agrinstead6s@marriott.com,Male,75.246.98.142
246,Arleen,Rabbitt,arabbitt6t@soundcloud.com,Female,173.178.78.82
247,Clive,Ledes,cledes6u@123-reg.co.uk,Male,238.151.70.44
248,Ulla,Qualtrough,uqualtrough6v@slashdot.org,Female,217.85.27.56
249,Jacinda,Beevers,jbeevers6w@cnbc.com,Female,41.21.77.202
250,Deny,Noonan,dnoonan6x@archive.org,Female,163.105.21.40
251,Sadie,Faltin,sfaltin6y@howstuffworks.com,Female,134.255.157.96
252,Parnell,Rhucroft,prhucroft6z@cafepress.com,Male,226.210.251.14
253,Aloysia,Haacker,ahaacker70@npr.org,Female,103.210.255.158
254,Ajay,Finnes,afinnes71@admin.ch,Genderfluid,137.50.212.108
255,Coreen,Jeandot,cjeandot72@hud.gov,Female,102.84.115.90
256,Mar,Lawty,mlawty73@youtu.be,Male,254.38.16.166
257,Van,Gaunter,vgaunter74@google.pl,Non-binary,40.174.132.180
258,Konstantine,Windrass,kwindrass75@list-manage.com,Male,169.164.134.203
259,Jeni,Baiss,jbaiss76@1und1.de,Female,75.66.90.7
260,Mohammed,Hook,mhook77@taobao.com,Male,120.91.183.250
261,Augustine,McGing,amcging78@quantcast.com,Male,235.237.26.4
262,Trevar,Hobson,thobson79@weibo.com,Male,76.18.96.110
263,Thelma,Thomassin,tthomassin7a@clickbank.net,Female,53.217.242.35
264,Tomasina,Niccolls,tniccolls7b@house.gov,Female,42.42.136.216
265,Timmy,Devennie,tdevennie7c@phoca.cz,Female,63.90.15.80
266,Diego,Cardozo,dcardozo7d@dagondesign.com,Male,21.64.23.26
267,Baxie,Creelman,bcreelman7e@twitter.com,Genderqueer,25.89.54.34
268,Nikki,Tilbrook,ntilbrook7f@about.com,Male,94.201.185.254
269,Damara,Tiron,dtiron7g@sina.com.cn,Female,35.195.64.244
270,Townsend,Crady,tcrady7h@lycos.com,Male,193.112.160.136
271,Norri,Skerme,nskerme7i@webnode.com,Female,20.205.68.203
272,Dyane,Gebhard,dgebhard7j@bravesites.com,Female,240.237.177.210
273,Maris,Skewis,mskewis7k@arstechnica.com,Female,234.6.118.107
274,Jackqueline,Kohnert,jkohnert7l@illinois.edu,Female,119.137.202.203
275,Gilligan,Osler,gosler7m@devhub.com,Female,153.7.42.198
276,Robbi,Eyre,reyre7n@umn.edu,Female,24.72.180.3
277,Leroi,Footer,lfooter7o@ox.ac.uk,Male,173.226.213.75
278,Maren,Cliburn,mcliburn7p@rediff.com,Female,84.77.188.17
279,Lanna,Thews,lthews7q@google.it,Female,105.179.187.14
280,Trey,Forlong,tforlong7r@sciencedirect.com,Male,161.204.110.94
281,Hali,Blaisdale,hblaisdale7s@yellowbook.com,Female,204.3.140.118
282,Bebe,Lonsbrough,blonsbrough7t@bloglovin.com,Female,141.200.112.242
283,Bird,Thredder,bthredder7u@unc.edu,Agender,171.178.246.195
284,Deidre,Mournian,dmournian7v@dedecms.com,Female,37.63.89.38
285,Lilas,Hayer,lhayer7w@wikia.com,Female,109.201.32.28
286,Baillie,Condliffe,bcondliffe7x@illinois.edu,Male,71.253.243.81
287,Dayle,Merriott,dmerriott7y@icq.com,Agender,68.51.189.122
288,Miranda,Devennie,mdevennie7z@patch.com,Female,134.199.210.218
289,Maire,Borgne,mborgne80@businessweek.com,Female,75.121.124.103
290,Tanney,Franiak,tfraniak81@smugmug.com,Male,225.1.113.180
291,Eric,Massinger,emassinger82@usgs.gov,Male,166.51.185.188
292,Gerry,Whitcher,gwhitcher83@goo.gl,Female,116.164.134.81
293,Montgomery,Keatch,mkeatch84@weibo.com,Male,94.117.221.16
294,Ahmad,Tammadge,atammadge85@nasa.gov,Non-binary,202.124.126.38
295,Zebulon,Andrejs,zandrejs86@hc360.com,Male,71.48.77.166
296,Myra,Baptiste,mbaptiste87@adobe.com,Female,96.149.130.223
297,Alphonso,Hoggins,ahoggins88@reuters.com,Male,20.220.221.111
298,Michaella,Adelman,madelman89@google.fr,Female,8.205.203.139
299,Darrick,Vanni,dvanni8a@csmonitor.com,Male,142.181.135.216
300,Ethe,Biskupek,ebiskupek8b@google.co.jp,Male,254.118.16.54
301,Dicky,Waddams,dwaddams8c@marriott.com,Male,209.49.253.104
302,Di,Millier,dmillier8d@shop-pro.jp,Female,242.150.60.97
303,Katti,Zorn,kzorn8e@nydailynews.com,Female,50.0.51.49
304,Godfrey,Catterill,gcatterill8f@cnet.com,Male,41.77.121.50
305,Itch,Fullerlove,ifullerlove8g@gravatar.com,Male,244.100.57.229
306,Melly,Finby,mfinby8h@marketwatch.com,Bigender,226.112.125.38
307,Lyle,Fynes,lfynes8i@miitbeian.gov.cn,Male,130.62.183.70
308,Giovanni,Petrie,gpetrie8j@altervista.org,Male,24.186.21.68
309,Leupold,Winsiowiecki,lwinsiowiecki8k@unc.edu,Male,183.220.63.194
310,Frants,Fridd,ffridd8l@xrea.com,Male,78.198.28.105
311,Dene,Torrent,dtorrent8m@state.tx.us,Male,63.246.99.152
312,Othello,Buckam,obuckam8n@amazonaws.com,Male,162.225.86.217
313,Murial,Stocken,mstocken8o@hatena.ne.jp,Female,173.27.239.19
314,Rurik,MacCafferty,rmaccafferty8p@mac.com,Male,169.206.90.63
315,Turner,Bamforth,tbamforth8q@ask.com,Male,39.18.140.88
316,Lanna,Bullard,lbullard8r@shinystat.com,Female,148.184.32.188
317,Belva,Riggott,briggott8s@google.es,Genderfluid,206.193.237.116
318,Erek,Petre,epetre8t@plala.or.jp,Male,207.0.115.76
319,Pepillo,Tapper,ptapper8u@google.it,Male,170.19.147.13
320,Millicent,Snowman,msnowman8v@oracle.com,Female,103.138.145.29
321,Tasha,Brameld,tbrameld8w@msu.edu,Female,8.133.7.209
322,Carmela,Dundon,cdundon8x@miitbeian.gov.cn,Female,176.147.5.56
323,Candida,Lengthorn,clengthorn8y@huffingtonpost.com,Female,52.210.211.20
324,Riordan,Eitter,reitter8z@webs.com,Male,186.15.91.95
325,Adriena,Outibridge,aoutibridge90@rediff.com,Female,66.101.156.199
326,Joey,Millson,jmillson91@storify.com,Male,71.62.11.58
327,Hercules,McClinton,hmcclinton92@angelfire.com,Male,71.36.1.103
328,Wang,Delap,wdelap93@friendfeed.com,Male,126.149.196.115
329,Van,Ricoald,vricoald94@rakuten.co.jp,Male,161.120.4.169
330,Leonanie,Bellerby,lbellerby95@paginegialle.it,Polygender,205.218.4.205
331,Noellyn,Breffitt,nbreffitt96@eepurl.com,Female,158.178.102.193
332,Flinn,Gatling,fgatling97@nasa.gov,Male,248.173.228.218
333,Catherina,Weall,cweall98@barnesandnoble.com,Female,71.237.29.155
334,Lynne,Noblet,lnoblet99@abc.net.au,Female,50.240.83.19
335,Minerva,Latus,mlatus9a@zdnet.com,Female,104.200.231.19
336,Ilsa,Chettle,ichettle9b@nasa.gov,Female,250.164.38.11
337,Oren,Wegner,owegner9c@shareasale.com,Male,31.87.4.80
338,Mandy,Semiraz,msemiraz9d@dion.ne.jp,Female,142.148.169.250
339,Nolie,Ingraham,ningraham9e@ebay.co.uk,Female,79.53.31.186
340,Eadie,Bleakley,ebleakley9f@liveinternet.ru,Female,68.41.31.15
341,Hadleigh,Lampke,hlampke9g@g.co,Male,179.75.16.111
342,Cullin,Cunningham,ccunningham9h@sohu.com,Male,55.216.20.215
343,Antony,Levitt,alevitt9i@senate.gov,Male,84.118.158.195
344,Rick,Bernaciak,rbernaciak9j@gov.uk,Male,28.191.41.166
345,Augustin,Ghest,aghest9k@youtu.be,Male,79.239.27.8
346,Leila,Wohler,lwohler9l@lulu.com,Female,209.168.79.187
347,Alexandros,Crumb,acrumb9m@ibm.com,Male,107.122.74.232
348,Marjie,Iacovides,miacovides9n@imdb.com,Female,254.202.175.166
349,Alexandr,Roadknight,aroadknight9o@cam.ac.uk,Male,33.147.254.204
350,Hetti,Sproule,hsproule9p@list-manage.com,Female,229.85.190.193
351,Gibb,Santarelli,gsantarelli9q@psu.edu,Male,211.108.206.141
352,Rozalin,Faithfull,rfaithfull9r@patch.com,Female,185.107.80.88
353,Lurline,MacKereth,lmackereth9s@walmart.com,Female,122.176.150.162
354,Heddi,Mackerel,hmackerel9t@infoseek.co.jp,Female,206.189.238.75
355,Nadiya,Shearsby,nshearsby9u@wikipedia.org,Female,121.217.111.123
356,Maryanna,Trayling,mtrayling9v@bluehost.com,Female,217.219.241.109
357,Allister,McLaughlin,amclaughlin9w@cnbc.com,Male,96.37.233.0
358,Gunar,Clews,gclews9x@ucla.edu,Male,229.46.157.143
359,Cilka,Mawer,cmawer9y@instagram.com,Genderfluid,138.196.5.227
360,Geordie,Haughan,ghaughan9z@japanpost.jp,Male,57.44.167.248
361,Wilhelmina,Antonutti,wantonuttia0@house.gov,Female,165.234.132.138
362,Tamra,Beagrie,tbeagriea1@prlog.org,Female,45.137.144.247
363,Melinda,Llorens,mllorensa2@hugedomains.com,Female,120.21.62.25
364,Angeline,Mathouse,amathousea3@amazonaws.com,Female,137.72.246.242
365,Vi,Cleminshaw,vcleminshawa4@admin.ch,Female,14.31.1.253
366,Rozalie,Cicetti,rcicettia5@tripod.com,Female,222.118.28.254
367,Homer,Sleightholm,hsleightholma6@godaddy.com,Male,126.177.232.32
368,Ashley,Fills,afillsa7@tinypic.com,Female,22.207.181.168
369,Alfonso,Cosins,acosinsa8@mysql.com,Male,121.255.127.82
370,Riobard,Praundl,rpraundla9@ustream.tv,Non-binary,71.0.33.92
371,Teodora,Devita,tdevitaaa@prlog.org,Genderqueer,52.172.106.243
372,Washington,Donkersley,wdonkersleyab@instagram.com,Male,194.249.181.195
373,Claire,Tompkins,ctompkinsac@vimeo.com,Male,236.138.135.244
374,Wilbur,Arlt,warltad@cargocollective.com,Male,155.159.6.128
375,Marrilee,Libbie,mlibbieae@elpais.com,Female,168.172.16.101
376,Cindee,Dechelle,cdechelleaf@ehow.com,Female,238.52.125.221
377,Cherianne,Topes,ctopesag@nature.com,Female,11.132.242.42
378,Demetrius,Russen,drussenah@bing.com,Male,139.48.48.17
379,Alaric,Gligorijevic,agligorijevicai@moonfruit.com,Male,147.183.117.181
380,Shay,McGown,smcgownaj@about.com,Male,51.185.61.12
381,Koenraad,Debill,kdebillak@apple.com,Male,133.154.203.73
382,Koenraad,Hellikes,khellikesal@tripadvisor.com,Male,63.152.164.178
383,Garrott,Croall,gcroallam@zimbio.com,Male,198.154.93.239
384,Tracy,Wisbey,twisbeyan@cmu.edu,Male,15.66.191.62
385,Gracia,Ebbage,gebbageao@accuweather.com,Female,83.179.6.233
386,Iago,Imesen,iimesenap@bloglines.com,Male,231.210.149.64
387,Laurens,Ibbison,libbisonaq@i2i.jp,Male,67.145.244.135
388,Nobie,Frean,nfreanar@unesco.org,Male,201.161.209.17
389,Garik,Bigly,gbiglyas@constantcontact.com,Male,133.45.113.235
390,Valdemar,Chambers,vchambersat@exblog.jp,Male,81.29.137.78
391,Nissa,Cutmare,ncutmareau@unesco.org,Female,20.41.54.16
392,Devlin,Landall,dlandallav@bigcartel.com,Male,18.88.12.154
393,Izabel,Vine,ivineaw@nps.gov,Female,240.9.201.144
394,Kellie,Emeny,kemenyax@com.com,Female,164.46.181.131
395,Harlan,Wennington,hwenningtonay@amazon.com,Male,226.130.199.8
396,Gabby,Hargraves,ghargravesaz@merriam-webster.com,Male,228.230.171.177
397,Henrietta,Ricket,hricketb0@rambler.ru,Female,62.164.37.233
398,Jacynth,Nanninini,jnannininib1@psu.edu,Female,202.118.164.140
399,Myrvyn,Colmore,mcolmoreb2@pagesperso-orange.fr,Male,77.231.36.64
400,Mia,Gunbie,mgunbieb3@sohu.com,Female,46.31.227.131
401,Nathanael,Escott,nescottb4@dmoz.org,Male,112.140.202.45
402,Fanya,Adey,fadeyb5@pen.io,Female,5.4.189.70
403,Belvia,O'Loinn,boloinnb6@bigcartel.com,Female,88.36.33.139
404,Gerhardt,Lannin,glanninb7@tinyurl.com,Male,171.5.105.47
405,Jonas,Derrington,jderringtonb8@hp.com,Male,100.98.190.112
406,Dionisio,Itzkovich,ditzkovichb9@noaa.gov,Male,188.88.7.47
407,Georges,Breeds,gbreedsba@oracle.com,Male,65.93.57.56
408,Monro,Hansemann,mhansemannbb@dailymail.co.uk,Non-binary,142.196.69.220
409,Scarlet,Juggings,sjuggingsbc@hp.com,Female,190.159.60.138
410,Fraser,Janssen,fjanssenbd@squarespace.com,Agender,43.149.234.83
411,Inglebert,Dealtry,idealtrybe@sina.com.cn,Male,178.63.228.253
412,Cris,Deering,cdeeringbf@sciencedaily.com,Female,196.41.41.150
413,Stace,Cluney,scluneybg@ihg.com,Female,159.173.69.194
414,Woody,Dilleston,wdillestonbh@oakley.com,Male,205.117.5.81
415,Laure,Swinyard,lswinyardbi@amazonaws.com,Female,127.42.204.90
416,Ferdie,Presland,fpreslandbj@home.pl,Male,231.204.112.117
417,Chastity,Spaule,cspaulebk@netlog.com,Female,29.31.146.7
418,Adam,Clissold,aclissoldbl@linkedin.com,Agender,7.127.43.220
419,Lyssa,Castangia,lcastangiabm@dailymotion.com,Female,233.176.7.149
420,Janelle,Brookwood,jbrookwoodbn@japanpost.jp,Female,211.217.141.73
421,Cooper,Satchell,csatchellbo@webnode.com,Male,171.143.52.196
422,Milli,Crowcombe,mcrowcombebp@bizjournals.com,Female,68.180.55.252
423,Horten,Trouncer,htrouncerbq@ycombinator.com,Male,178.10.156.7
424,Augustus,Baudet,abaudetbr@mlb.com,Male,37.41.117.130
425,Eugine,Flamank,eflamankbs@ow.ly,Female,121.199.112.183
426,Idette,Duxbury,iduxburybt@toplist.cz,Agender,210.165.225.101
427,Claude,Cadwallader,ccadwalladerbu@wisc.edu,Female,3.225.58.19
428,Alaric,McCormack,amccormackbv@microsoft.com,Male,59.62.85.65
429,Ruben,Digance,rdigancebw@yale.edu,Male,246.31.36.246
430,Eleni,Westmerland,ewestmerlandbx@nasa.gov,Female,98.153.35.247
431,Ellerey,Frusher,efrusherby@360.cn,Male,236.60.245.166
432,Felizio,Gilmour,fgilmourbz@wix.com,Male,114.190.29.16
433,Arleen,Theobalds,atheobaldsc0@liveinternet.ru,Genderfluid,96.191.159.144
434,Kally,Paslow,kpaslowc1@hubpages.com,Female,28.50.49.131
435,Moses,Swede,mswedec2@washingtonpost.com,Male,63.90.8.88
436,Quintin,Revance,qrevancec3@hubpages.com,Polygender,163.140.201.93
437,Con,Gravenell,cgravenellc4@t.co,Female,245.68.46.224
438,Nealy,Cridland,ncridlandc5@altervista.org,Male,199.152.34.124
439,Corrine,Aizikovitz,caizikovitzc6@google.it,Female,105.64.109.213
440,Drucill,Pridgeon,dpridgeonc7@comcast.net,Female,72.177.187.74
441,Clare,Dachey,cdacheyc8@usda.gov,Female,53.3.128.107
442,Margareta,Vlach,mvlachc9@mashable.com,Female,57.132.32.76
443,Brittney,Mifflin,bmifflinca@usda.gov,Female,232.243.222.85
444,Carroll,Treherne,ctrehernecb@bloomberg.com,Female,129.185.92.219
445,Damita,Benediktovich,dbenediktovichcc@fc2.com,Female,174.91.16.9
446,Selene,Bobasch,sbobaschcd@barnesandnoble.com,Female,218.60.243.4
447,Arthur,Wride,awridece@ameblo.jp,Agender,107.131.197.156
448,Vinita,Tulloch,vtullochcf@xrea.com,Female,148.179.122.25
449,Sophronia,Seedull,sseedullcg@umn.edu,Female,197.243.56.195
450,Kellen,Dingsdale,kdingsdalech@miibeian.gov.cn,Male,184.204.110.83
451,Kale,Mably,kmablyci@columbia.edu,Male,76.86.74.13
452,Aundrea,Shrubsall,ashrubsallcj@dot.gov,Female,224.243.225.44
453,Euphemia,Rude,erudeck@fastcompany.com,Female,91.168.219.35
454,Alikee,Cottier,acottiercl@rambler.ru,Female,154.230.18.47
455,Pasquale,Seebert,pseebertcm@spiegel.de,Male,91.7.71.181
456,Corrine,Chrichton,cchrichtoncn@freewebs.com,Female,4.199.92.16
457,Barnett,McMorland,bmcmorlandco@nih.gov,Male,8.219.144.83
458,Waly,Mockett,wmockettcp@skyrock.com,Female,212.113.8.198
459,Shelba,Abberley,sabberleycq@myspace.com,Female,0.30.144.66
460,Reinwald,Gilbanks,rgilbankscr@cnn.com,Male,6.1.77.245
461,Jocelin,Harbertson,jharbertsoncs@topsy.com,Female,188.100.232.91
462,Ciro,Yanele,cyanelect@abc.net.au,Male,23.250.218.88
463,Ezra,Reith,ereithcu@msu.edu,Male,62.17.169.138
464,Ellary,Merring,emerringcv@tripadvisor.com,Male,94.87.82.94
465,Bendicty,McCrea,bmccreacw@discovery.com,Male,152.140.12.237
466,Corrinne,Panner,cpannercx@pbs.org,Female,51.51.0.8
467,Nick,Arnoult,narnoultcy@weebly.com,Male,245.209.9.106
468,Lewie,Cahn,lcahncz@wunderground.com,Non-binary,31.30.204.214
469,Gerianne,Hargate,ghargated0@cnet.com,Genderqueer,40.153.155.72
470,Hersh,Yewdall,hyewdalld1@live.com,Male,229.198.17.155
471,Eldin,Moneti,emonetid2@xing.com,Genderfluid,142.112.107.76
472,Janean,Arstingall,jarstingalld3@cnn.com,Agender,88.218.118.232
473,Hendrick,Curd,hcurdd4@elegantthemes.com,Genderfluid,95.50.9.44
474,Nadean,Hefford,nheffordd5@wp.com,Female,201.38.12.44
475,Giorgio,Martland,gmartlandd6@tumblr.com,Male,0.179.72.237
476,Mala,Plank,mplankd7@wikipedia.org,Female,2.69.210.209
477,Jo ann,Benoey,jbenoeyd8@constantcontact.com,Female,50.97.174.43
478,Brander,Skottle,bskottled9@dagondesign.com,Male,164.216.204.128
479,Niles,Giamo,ngiamoda@ca.gov,Male,58.128.222.108
480,Janna,Orrin,jorrindb@tumblr.com,Genderfluid,179.29.191.177
481,Siward,Jeaneau,sjeaneaudc@epa.gov,Male,117.35.200.196
482,Marisa,Petrushkevich,mpetrushkevichdd@blogger.com,Female,176.131.188.29
483,Freddie,Kosel,fkoselde@sciencedaily.com,Female,238.182.93.44
484,Malinde,Mandy,mmandydf@apple.com,Female,79.107.172.62
485,Kingsly,Quelch,kquelchdg@hibu.com,Male,73.248.20.177
486,Karen,Looney,klooneydh@ca.gov,Genderqueer,169.185.124.13
487,Buddy,Buglar,bbuglardi@oakley.com,Non-binary,77.1.74.87
488,Claudette,Morgue,cmorguedj@seattletimes.com,Female,11.220.175.205
489,Beltran,Sommerscales,bsommerscalesdk@whitehouse.gov,Male,59.48.183.163
490,Gabbie,Crippell,gcrippelldl@shutterfly.com,Male,208.125.178.142
491,Ag,Screas,ascreasdm@state.gov,Agender,162.160.192.38
492,Sinclair,La Rosa,slarosadn@typepad.com,Bigender,153.175.236.24
493,Leeland,Evamy,levamydo@ameblo.jp,Male,71.227.43.251
494,Penny,Ingrey,pingreydp@printfriendly.com,Female,161.251.15.136
495,Lacey,Argent,largentdq@soundcloud.com,Female,177.59.149.122
496,Kerby,Scading,kscadingdr@skype.com,Male,164.241.107.221
497,Brade,Paddock,bpaddockds@aboutads.info,Male,205.117.33.19
498,Tiena,Southey,tsoutheydt@wired.com,Female,32.100.81.47
499,Jenni,Arsey,jarseydu@woothemes.com,Female,9.8.103.85
500,Jeff,Hidderley,jhidderleydv@reuters.com,Male,239.0.86.213
501,Sayers,Dot,sdotdw@stumbleupon.com,Male,205.244.130.177
502,Romy,Milton,rmiltondx@wikispaces.com,Female,125.54.243.170
503,Fayre,Hatterslay,fhatterslaydy@technorati.com,Female,89.125.200.20
504,Ara,Glewe,aglewedz@blog.com,Male,51.252.13.223
505,Ripley,Banbury,rbanburye0@timesonline.co.uk,Male,173.25.86.83
506,Bondie,Dehn,bdehne1@indiatimes.com,Male,25.149.42.215
507,Noella,Dutnell,ndutnelle2@apple.com,Bigender,91.158.190.136
508,Kellsie,Semper,ksempere3@booking.com,Female,103.120.11.83
509,Minette,Cluff,mcluffe4@purevolume.com,Non-binary,232.189.220.193
510,Augustus,Giovanazzi,agiovanazzie5@moonfruit.com,Male,93.166.16.129
511,Essie,Bathurst,ebathurste6@networksolutions.com,Agender,36.247.78.98
512,Lilllie,Shatliff,lshatliffe7@squarespace.com,Polygender,168.233.25.14
513,Domingo,Gallagher,dgallaghere8@youtu.be,Male,59.29.229.0
514,Birk,Braganca,bbragancae9@canalblog.com,Male,245.172.7.86
515,Dita,Ateridge,dateridgeea@alibaba.com,Female,147.56.70.198
516,Ninetta,Lerego,nleregoeb@wordpress.org,Female,229.182.221.40
517,Alejandra,Colaco,acolacoec@jiathis.com,Female,244.175.237.72
518,Isac,Mahomet,imahometed@paypal.com,Male,105.164.56.69
519,Vince,Spence,vspenceee@imageshack.us,Male,243.150.94.49
520,Chrystal,Simondson,csimondsonef@edublogs.org,Female,164.222.235.36
521,Jorge,Crippell,jcrippelleg@last.fm,Male,59.88.216.231
522,Anne,Ovendale,aovendaleeh@foxnews.com,Female,50.73.255.126
523,Lucretia,Bogace,lbogaceei@etsy.com,Female,137.145.63.102
524,Rita,Chesterman,rchestermanej@skyrock.com,Female,74.41.57.197
525,Pebrook,Stickins,pstickinsek@usa.gov,Male,8.187.57.193
526,Lonny,De-Ville,ldevilleel@jigsy.com,Male,53.112.49.94
527,Prudence,Christou,pchristouem@google.it,Female,108.111.242.54
528,Reinhard,Hedan,rhedanen@samsung.com,Male,198.218.67.33
529,Barde,Walczak,bwalczakeo@mapquest.com,Male,207.90.65.126
530,Casandra,Haughey,chaugheyep@fda.gov,Female,204.193.109.162
531,Hoyt,O'Nion,honioneq@shinystat.com,Male,122.139.224.65
532,Hillary,Bedham,hbedhamer@ucoz.com,Female,211.14.98.186
533,Randa,Eakin,reakines@smh.com.au,Female,218.75.2.194
534,Adelle,Sneesby,asneesbyet@webs.com,Female,84.228.44.9
535,Shea,Buscher,sbuschereu@hp.com,Female,65.78.42.123
536,Guillermo,Watsam,gwatsamev@apple.com,Male,196.221.236.116
537,Nona,Lally,nlallyew@nsw.gov.au,Female,198.10.90.48
538,Donella,Maha,dmahaex@illinois.edu,Female,233.170.171.101
539,Teodoro,Idney,tidneyey@pinterest.com,Male,213.105.138.167
540,Derby,Cronshaw,dcronshawez@theglobeandmail.com,Genderfluid,81.37.184.160
541,Murray,Gerrelt,mgerreltf0@alexa.com,Male,248.168.227.217
542,Breena,Minet,bminetf1@theglobeandmail.com,Female,134.51.195.35
543,Ase,Sivil,asivilf2@zimbio.com,Male,246.225.143.93
544,Fernando,Palluschek,fpalluschekf3@msn.com,Male,250.100.3.180
545,Dar,Spencley,dspencleyf4@businessinsider.com,Male,37.201.18.199
546,Madelaine,Coundley,mcoundleyf5@nyu.edu,Female,112.130.67.146
547,Claude,Brabyn,cbrabynf6@indiatimes.com,Female,244.190.3.247
548,Jo,Giamelli,jgiamellif7@hostgator.com,Male,75.190.154.212
549,Kirby,Coller,kcollerf8@wunderground.com,Female,211.152.24.60
550,Lissa,Bradburne,lbradburnef9@cmu.edu,Genderqueer,241.39.185.211
551,Vinson,Dat,vdatfa@indiegogo.com,Male,250.113.89.236
552,Almeria,Buglass,abuglassfb@census.gov,Female,138.188.149.220
553,Paddie,Fieller,pfiellerfc@scientificamerican.com,Male,28.106.246.21
554,Shannon,Puttergill,sputtergillfd@dagondesign.com,Male,70.36.75.143
555,Llewellyn,Gravestone,lgravestonefe@squidoo.com,Male,213.137.126.190
556,Mavra,Chastan,mchastanff@bizjournals.com,Agender,177.4.150.57
557,Karlene,Gommes,kgommesfg@latimes.com,Female,207.139.114.50
558,Linn,Tarplee,ltarpleefh@nih.gov,Male,67.30.185.51
559,Gael,Dickman,gdickmanfi@nih.gov,Male,11.65.233.96
560,Richardo,Claughton,rclaughtonfj@yahoo.co.jp,Non-binary,112.242.184.214
561,Shell,Moules,smoulesfk@paginegialle.it,Male,91.69.180.189
562,Milty,Insko,minskofl@irs.gov,Male,30.34.147.181
563,Sarajane,Jeffcoate,sjeffcoatefm@taobao.com,Non-binary,112.63.46.72
564,Si,McCard,smccardfn@sitemeter.com,Male,246.106.22.145
565,Lauretta,Lindenstrauss,llindenstraussfo@bravesites.com,Female,184.58.155.17
566,Fidelia,Leggott,fleggottfp@lulu.com,Polygender,150.102.167.246
567,Ninnetta,Kristoffersson,nkristofferssonfq@fema.gov,Female,41.67.252.195
568,Theresa,Rowlinson,trowlinsonfr@spiegel.de,Female,4.163.52.165
569,Gabriello,Quinane,gquinanefs@bigcartel.com,Male,181.113.213.222
570,Port,Groveham,pgrovehamft@boston.com,Male,155.93.103.207
571,Anthia,Barrowclough,abarrowcloughfu@sun.com,Female,188.235.151.133
572,Herminia,Dennington,hdenningtonfv@flickr.com,Female,95.101.110.105
573,Neddie,Kellen,nkellenfw@sina.com.cn,Polygender,73.227.97.142
574,Gustav,Ruddell,gruddellfx@networksolutions.com,Non-binary,92.83.105.3
575,Keene,Eplate,keplatefy@people.com.cn,Male,193.19.18.111
576,Lezley,Devonish,ldevonishfz@sciencedaily.com,Male,11.107.64.224
577,Cicily,Millmore,cmillmoreg0@theglobeandmail.com,Female,23.163.27.247
578,Jose,Byatt,jbyattg1@hud.gov,Male,82.26.184.138
579,Georges,Maddison,gmaddisong2@dedecms.com,Male,23.62.135.234
580,Tomaso,Restill,trestillg3@gov.uk,Male,7.39.106.40
581,Samara,Tunmore,stunmoreg4@comsenz.com,Female,194.186.171.122
582,Valene,Spurdon,vspurdong5@godaddy.com,Female,127.137.232.201
583,Hallie,Grieger,hgriegerg6@t.co,Female,203.72.80.11
584,Reube,Moorhead,rmoorheadg7@xing.com,Male,63.211.168.250
585,Margret,Lyne,mlyneg8@senate.gov,Female,236.218.40.52
586,Arleen,Hastewell,ahastewellg9@bloglines.com,Female,229.1.104.160
587,Maryanna,Fleg,mflegga@tripod.com,Female,241.183.88.34
588,Anna-diana,Acock,aacockgb@pen.io,Female,50.116.241.170
589,Weidar,O'Leagham,woleaghamgc@ted.com,Male,35.187.47.34
590,Ase,Duke,adukegd@meetup.com,Male,50.189.112.25
591,Nicolea,Quaif,nquaifge@google.it,Female,154.28.218.148
592,Constance,Bierman,cbiermangf@slashdot.org,Female,146.30.57.236
593,Deerdre,Dudhill,ddudhillgg@cbc.ca,Genderqueer,161.204.140.250
594,Ancell,Panner,apannergh@homestead.com,Male,54.85.165.55
595,Mathew,Brimblecomb,mbrimblecombgi@meetup.com,Male,115.148.120.227
596,Leland,Champneys,lchampneysgj@netlog.com,Male,203.30.89.98
597,Lucille,Monro,lmonrogk@zimbio.com,Female,132.77.203.245
598,Julissa,Ensten,jenstengl@about.me,Female,192.200.49.39
599,Dorey,Kerslake,dkerslakegm@stanford.edu,Female,183.182.236.36
600,Patric,Dunstall,pdunstallgn@cbc.ca,Genderqueer,252.180.117.108
601,Fina,McShirrie,fmcshirriego@dmoz.org,Female,229.161.61.64
602,Drusy,Krzyzowski,dkrzyzowskigp@hubpages.com,Female,98.64.120.186
603,Theadora,Younglove,tyounglovegq@usatoday.com,Non-binary,69.52.226.248
604,Monique,Tuma,mtumagr@shutterfly.com,Female,211.236.223.22
605,Godiva,Cullingford,gcullingfordgs@jimdo.com,Female,255.221.62.95
606,Bert,Rummins,brumminsgt@reference.com,Female,93.156.195.90
607,Mahala,Wein,mweingu@soundcloud.com,Polygender,248.157.175.99
608,Tully,Piddington,tpiddingtongv@miitbeian.gov.cn,Male,75.177.186.204
609,Arin,Mellers,amellersgw@list-manage.com,Male,36.218.28.105
610,Hercule,Seabrocke,hseabrockegx@reuters.com,Male,49.96.218.250
611,Franciskus,Walthew,fwalthewgy@freewebs.com,Male,86.129.201.37
612,Kalvin,Albasiny,kalbasinygz@networkadvertising.org,Male,238.5.200.6
613,Shirline,Jacobovitch,sjacobovitchh0@xinhuanet.com,Female,51.170.181.93
614,Guntar,Gremain,ggremainh1@photobucket.com,Male,121.157.14.80
615,Zelda,De Angelis,zdeangelish2@hexun.com,Female,48.43.79.161
616,Sianna,Grahl,sgrahlh3@de.vu,Female,95.117.41.244
617,Lexis,Bardnam,lbardnamh4@pcworld.com,Female,126.109.246.31
618,Anthony,Sammon,asammonh5@cnbc.com,Male,199.53.51.198
619,Matilda,Robet,mrobeth6@cnbc.com,Female,109.183.149.233
620,Othilie,Joscelyne,ojoscelyneh7@slashdot.org,Female,4.112.165.2
621,Tremaine,Doles,tdolesh8@blogs.com,Male,85.229.104.15
622,Blondie,Sybe,bsybeh9@odnoklassniki.ru,Female,217.60.79.43
623,Ronny,Dibdall,rdibdallha@eventbrite.com,Female,143.184.53.60
624,Dwayne,Moody,dmoodyhb@yahoo.co.jp,Male,165.206.175.42
625,Donovan,Chilton,dchiltonhc@delicious.com,Male,185.65.201.6
626,Antonin,Ovize,aovizehd@1688.com,Male,176.3.1.222
627,Giffy,Rochelle,grochellehe@dailymotion.com,Male,158.151.63.2
628,Violet,Cambling,vcamblinghf@drupal.org,Female,131.155.132.195
629,Corrianne,Marthen,cmarthenhg@over-blog.com,Female,204.11.250.170
630,Rhetta,Gledstane,rgledstanehh@google.es,Female,37.164.107.88
631,Christine,Grimwade,cgrimwadehi@discuz.net,Female,61.45.44.2
632,Fleur,Dominey,fdomineyhj@blogspot.com,Female,222.105.135.65
633,Tore,McRobbie,tmcrobbiehk@phpbb.com,Male,31.55.30.246
634,Konstanze,Lautie,klautiehl@google.fr,Female,247.134.193.77
635,Eldredge,Corrado,ecorradohm@springer.com,Male,71.44.5.85
636,Arabele,Broadhurst,abroadhursthn@blogspot.com,Agender,22.26.135.244
637,Remy,Lowery,rloweryho@amazon.co.uk,Female,73.161.185.28
638,Bev,Fincham,bfinchamhp@guardian.co.uk,Genderqueer,126.93.163.231
639,Elna,Tipple,etipplehq@jugem.jp,Female,250.71.151.16
640,Gayelord,Cogswell,gcogswellhr@fotki.com,Male,244.85.230.249
641,Glyn,Freathy,gfreathyhs@geocities.com,Male,1.111.55.222
642,Blayne,Savins,bsavinsht@loc.gov,Male,228.182.201.41
643,Lavinia,Queste,lquestehu@hud.gov,Female,246.113.106.150
644,Monica,Ovid,movidhv@wiley.com,Female,9.133.126.8
645,Kippar,Mizzen,kmizzenhw@techcrunch.com,Male,193.141.11.65
646,Cymbre,Baston,cbastonhx@myspace.com,Female,124.71.133.170
647,Krishna,Raggles,kraggleshy@home.pl,Genderfluid,118.200.181.143
648,Bernardina,Sweetlove,bsweetlovehz@github.com,Female,202.167.255.56
649,Ingmar,Brainsby,ibrainsbyi0@dell.com,Male,131.251.127.235
650,Kirsti,Trodden,ktroddeni1@psu.edu,Agender,170.128.94.94
651,Mortimer,Kirimaa,mkirimaai2@hibu.com,Male,39.188.182.139
652,Conrado,Caron,ccaroni3@ucsd.edu,Male,223.226.194.194
653,Dennis,Pickring,dpickringi4@scribd.com,Male,174.236.160.65
654,Winston,Amorine,wamorinei5@stumbleupon.com,Male,124.53.9.88
655,Reginald,Masarrat,rmasarrati6@seattletimes.com,Male,82.88.152.37
656,Jasmina,Thelwll,jthelwlli7@state.gov,Female,92.18.178.155
657,Cariotta,Heeran,cheerani8@nifty.com,Female,188.130.83.64
658,Nathanael,Sulland,nsullandi9@baidu.com,Male,170.218.82.6
659,Bealle,Petrowsky,bpetrowskyia@parallels.com,Male,173.197.156.185
660,Les,Playdon,lplaydonib@nydailynews.com,Male,40.62.122.50
661,Elwyn,Gorton,egortonic@geocities.com,Male,84.37.158.0
662,Packston,Byfford,pbyffordid@elpais.com,Male,105.126.152.83
663,Gilbert,Blockey,gblockeyie@t-online.de,Male,90.32.203.123
664,Seymour,Tynnan,stynnanif@tripod.com,Male,249.150.146.137
665,Seamus,Boerderman,sboerdermanig@netvibes.com,Male,231.104.238.27
666,Minne,Matuschek,mmatuschekih@wordpress.com,Female,166.36.65.252
667,Gayler,Shorland,gshorlandii@blogspot.com,Male,94.133.103.176
668,Devlen,Edsall,dedsallij@imdb.com,Male,243.9.58.228
669,Edythe,Stemp,estempik@usgs.gov,Agender,3.31.66.223
670,Kissee,Redsull,kredsullil@spiegel.de,Female,190.99.87.153
671,Catriona,Winfrey,cwinfreyim@squarespace.com,Female,56.87.237.132
672,Bronny,Molson,bmolsonin@ifeng.com,Male,24.183.43.31
673,Sayers,Burwin,sburwinio@dagondesign.com,Male,150.44.198.22
674,Mary,Maskall,mmaskallip@smugmug.com,Female,142.29.167.50
675,Sioux,Linzey,slinzeyiq@blogger.com,Female,242.47.131.175
676,Aurel,Follin,afollinir@reference.com,Female,123.214.98.40
677,Karney,Latour,klatouris@163.com,Male,252.154.210.122
678,Onfre,Dryden,odrydenit@deliciousdays.com,Male,45.159.99.122
679,Kessia,McEniry,kmceniryiu@wordpress.com,Female,234.253.68.102
680,Marylin,Melmeth,mmelmethiv@scientificamerican.com,Polygender,189.159.170.156
681,Elle,Marquis,emarquisiw@ibm.com,Female,85.117.99.99
682,Darleen,Ewell,dewellix@patch.com,Female,131.177.64.253
683,Anetta,Dannehl,adannehliy@sbwire.com,Female,48.100.99.235
684,Kristal,Walsom,kwalsomiz@twitter.com,Female,174.162.119.152
685,Neal,Rasmus,nrasmusj0@nps.gov,Male,16.44.73.250
686,Claudelle,Dinse,cdinsej1@pinterest.com,Female,171.224.235.90
687,Noak,Harfleet,nharfleetj2@epa.gov,Male,76.255.17.129
688,Evangelina,Perview,eperviewj3@google.com,Female,91.132.125.185
689,Franciskus,Narraway,fnarrawayj4@flickr.com,Male,170.58.253.213
690,Laetitia,Groomebridge,lgroomebridgej5@e-recht24.de,Female,109.109.50.67
691,Starlene,Melross,smelrossj6@nature.com,Female,201.245.112.97
692,Malissia,Copcote,mcopcotej7@cargocollective.com,Female,169.13.137.31
693,Kim,Moncreiffe,kmoncreiffej8@yolasite.com,Agender,211.210.89.9
694,Alanah,Hutchinson,ahutchinsonj9@toplist.cz,Female,4.72.126.102
695,Celisse,Gretton,cgrettonja@pcworld.com,Female,156.191.6.222
696,Amerigo,Tirrell,atirrelljb@altervista.org,Male,204.91.33.108
697,Cacilia,Poley,cpoleyjc@house.gov,Female,141.230.96.27
698,Myrta,Lyston,mlystonjd@4shared.com,Female,210.192.4.215
699,Franklyn,O'Rowane,forowaneje@dion.ne.jp,Male,132.254.128.5
700,Rickey,Langmuir,rlangmuirjf@wiley.com,Male,226.220.123.65
701,Lindi,McEntegart,lmcentegartjg@webeden.co.uk,Female,189.81.87.232
702,Dre,Deppen,ddeppenjh@360.cn,Female,140.203.229.209
703,Ophelie,Sange,osangeji@unicef.org,Female,236.72.53.182
704,Muffin,Eberdt,meberdtjj@google.cn,Female,70.247.130.169
705,Roana,Patnelli,rpatnellijk@answers.com,Genderfluid,149.81.34.18
706,Ross,Tallman,rtallmanjl@chicagotribune.com,Male,223.5.92.0
707,Fabe,Lucey,fluceyjm@g.co,Male,251.23.45.203
708,Luella,Crowth,lcrowthjn@ca.gov,Female,165.185.101.110
709,Bertrand,Scowen,bscowenjo@uol.com.br,Male,30.135.26.48
710,Alvy,Clowser,aclowserjp@goodreads.com,Male,241.124.135.232
711,Aylmer,Snoden,asnodenjq@accuweather.com,Male,158.106.82.50
712,Benn,Kettell,bkettelljr@flickr.com,Male,242.42.244.15
713,Vivienne,Cowing,vcowingjs@e-recht24.de,Female,142.17.12.193
714,Marylee,Borleace,mborleacejt@discuz.net,Female,45.75.19.239
715,Fredric,Matschke,fmatschkeju@aboutads.info,Male,60.109.3.103
716,Burk,Pragnell,bpragnelljv@microsoft.com,Male,33.3.179.69
717,Christie,Rosenstock,crosenstockjw@geocities.jp,Female,5.20.25.53
718,Isaiah,Courteney,icourteneyjx@kickstarter.com,Male,120.133.121.107
719,Gaile,McVeighty,gmcveightyjy@springer.com,Male,191.67.214.27
720,Nicolea,Lamden,nlamdenjz@ebay.com,Female,58.109.154.102
721,Chandler,Chasmoor,cchasmoork0@wufoo.com,Male,233.241.167.159
722,Deanna,Cottrill,dcottrillk1@oaic.gov.au,Genderfluid,68.67.226.229
723,Justen,Fatkin,jfatkink2@japanpost.jp,Male,202.15.111.229
724,Rycca,Barfoot,rbarfootk3@ning.com,Female,161.28.105.81
725,Gray,Gillatt,ggillattk4@bravesites.com,Male,96.74.64.166
726,Elly,MacKereth,emackerethk5@a8.net,Female,112.177.106.158
727,Matteo,Dacke,mdackek6@rakuten.co.jp,Male,122.20.141.52
728,Tucky,Buyers,tbuyersk7@4shared.com,Male,20.132.1.150
729,Jan,Gilphillan,jgilphillank8@artisteer.com,Male,204.119.0.1
730,Jabez,McElhargy,jmcelhargyk9@twitpic.com,Male,33.45.84.90
731,Del,Thews,dthewska@google.com.au,Female,128.232.196.60
732,Clarine,Cardenas,ccardenaskb@whitehouse.gov,Female,255.107.116.106
733,Bartlett,Fruin,bfruinkc@netscape.com,Male,170.125.71.157
734,Linda,Schankel,lschankelkd@upenn.edu,Female,27.44.132.154
735,Irvin,Cattermull,icattermullke@ow.ly,Male,155.85.33.100
736,Romonda,Roostan,rroostankf@senate.gov,Female,8.48.44.189
737,Bernardo,Browncey,bbrownceykg@answers.com,Male,28.86.185.108
738,Mayer,Esparza,mesparzakh@chicagotribune.com,Male,68.72.191.8
739,Harald,Leitche,hleitcheki@ox.ac.uk,Male,9.33.223.76
740,Lynette,Moult,lmoultkj@meetup.com,Female,28.70.77.88
741,Gaylord,Juzek,gjuzekkk@linkedin.com,Male,66.244.15.28
742,Lay,Dacca,ldaccakl@usa.gov,Male,95.7.11.136
743,Rory,Fausset,rfaussetkm@accuweather.com,Male,184.116.254.124
744,Jeno,Biagini,jbiaginikn@hatena.ne.jp,Male,98.64.212.121
745,Gilligan,Terbeck,gterbeckko@edublogs.org,Female,125.237.59.191
746,Joete,Emmitt,jemmittkp@pen.io,Polygender,239.225.197.21
747,Jacobo,Axe,jaxekq@ox.ac.uk,Male,110.126.39.35
748,Leonardo,Sagg,lsaggkr@sogou.com,Male,206.68.135.86
749,Grantley,Kislingbury,gkislingburyks@dmoz.org,Male,119.1.185.243
750,Barnebas,Shackel,bshackelkt@bizjournals.com,Male,249.138.6.254
751,Deanna,Barchrameev,dbarchrameevku@tamu.edu,Female,132.50.11.39
752,Saunders,Dederich,sdederichkv@mit.edu,Male,170.69.196.253
753,Annamarie,Morit,amoritkw@umich.edu,Female,201.74.242.29
754,Rodolphe,Boatwright,rboatwrightkx@goodreads.com,Male,95.118.224.6
755,Tate,Wynett,twynettky@github.io,Male,131.103.82.174
756,Kristyn,Pezey,kpezeykz@mac.com,Female,247.194.14.176
757,Hazlett,Curgenuer,hcurgenuerl0@google.de,Male,253.70.230.70
758,Cirstoforo,Synke,csynkel1@chicagotribune.com,Male,221.52.31.100
759,Sarene,Rockingham,srockinghaml2@ezinearticles.com,Bigender,163.161.217.34
760,Liv,Triner,ltrinerl3@weibo.com,Female,95.144.251.94
761,Harlie,Phillput,hphillputl4@parallels.com,Female,111.173.84.23
762,Walliw,Langtry,wlangtryl5@posterous.com,Female,180.61.237.20
763,Hollyanne,Giveen,hgiveenl6@vimeo.com,Female,145.239.6.61
764,Mannie,Allsep,mallsepl7@over-blog.com,Male,108.68.223.236
765,Angus,Campany,acampanyl8@weibo.com,Male,234.185.150.102
766,Audrye,Bagby,abagbyl9@parallels.com,Female,191.17.70.8
767,Gertrudis,Croad,gcroadla@purevolume.com,Female,72.135.85.122
768,Shelley,Cremin,screminlb@latimes.com,Male,213.63.108.192
769,Marv,Linscott,mlinscottlc@weebly.com,Genderqueer,177.18.57.126
770,Phylys,Monteath,pmonteathld@istockphoto.com,Female,95.1.177.170
771,Ondrea,Macer,omacerle@about.me,Female,45.105.86.96
772,Tobias,Pineaux,tpineauxlf@topsy.com,Male,159.101.184.235
773,Arron,Starkey,astarkeylg@shop-pro.jp,Male,180.215.241.150
774,Brook,Digger,bdiggerlh@usda.gov,Female,189.53.216.66
775,Melisse,McFayden,mmcfaydenli@bloglines.com,Female,48.161.26.79
776,Payton,Heathwood,pheathwoodlj@alexa.com,Polygender,225.219.36.21
777,Olympia,Vondracek,ovondraceklk@icio.us,Female,234.75.46.68
778,Cullen,Renfree,crenfreell@google.fr,Male,208.217.131.220
779,Stacy,Rogez,srogezlm@marriott.com,Male,15.177.201.64
780,Egor,Goodfield,egoodfieldln@mashable.com,Non-binary,133.166.31.207
781,Orlan,Bamblett,obamblettlo@surveymonkey.com,Male,36.84.187.17
782,Murielle,Garbutt,mgarbuttlp@reuters.com,Female,111.59.80.162
783,Dannel,Monument,dmonumentlq@typepad.com,Male,250.1.185.126
784,Barnett,Axston,baxstonlr@wired.com,Male,223.5.177.222
785,Sunny,Ecles,seclesls@google.fr,Male,109.203.252.7
786,Thain,Dibley,tdibleylt@time.com,Male,126.228.81.120
787,Clio,Piccard,cpiccardlu@lycos.com,Female,18.11.14.118
788,Shannen,Valentinetti,svalentinettilv@cdc.gov,Female,161.48.108.72
789,Belle,Lakes,blakeslw@reference.com,Female,245.229.31.107
790,Corbett,Roughey,crougheylx@sourceforge.net,Male,137.104.188.146
791,Orlan,Ashcroft,oashcroftly@dyndns.org,Male,57.237.53.16
792,Piggy,Realff,prealfflz@wikispaces.com,Male,160.203.48.71
793,Sylas,Awdry,sawdrym0@dell.com,Male,82.92.244.171
794,Colas,Edgler,cedglerm1@networksolutions.com,Bigender,204.226.106.45
795,Rheta,Casina,rcasinam2@telegraph.co.uk,Female,117.111.94.112
796,Zola,Nano,znanom3@wikispaces.com,Female,185.47.246.28
797,Rita,Goeff,rgoeffm4@techcrunch.com,Female,130.147.16.197
798,Duke,Neward,dnewardm5@addtoany.com,Male,147.137.105.145
799,Raquela,Rayment,rraymentm6@bizjournals.com,Agender,107.211.63.234
800,Antoni,Whisson,awhissonm7@wikia.com,Male,136.218.142.148
801,Dode,Easterby,deasterbym8@cpanel.net,Female,20.66.243.70
802,Lidia,Giorgioni,lgiorgionim9@bing.com,Female,149.255.49.123
803,Cynthia,Riply,criplyma@theglobeandmail.com,Female,20.222.83.99
804,Arch,Willowby,awillowbymb@go.com,Non-binary,40.142.25.39
805,Leslie,Malshinger,lmalshingermc@homestead.com,Female,191.227.11.38
806,Fredek,Ditts,fdittsmd@disqus.com,Male,73.115.8.64
807,Gretal,Akerman,gakermanme@altervista.org,Female,110.157.104.94
808,Lanae,Loftin,lloftinmf@msn.com,Female,149.226.17.101
809,Kacy,O'Sculley,kosculleymg@ameblo.jp,Female,78.167.77.17
810,Johna,Weepers,jweepersmh@hp.com,Female,211.174.113.27
811,Marie-ann,Muscroft,mmuscroftmi@webs.com,Female,215.161.114.28
812,Guss,Croft,gcroftmj@mediafire.com,Bigender,185.169.204.226
813,Brett,Sinton,bsintonmk@lulu.com,Female,66.68.65.7
814,Lucila,Westbrook,lwestbrookml@gravatar.com,Female,15.130.83.174
815,Baryram,Clow,bclowmm@ocn.ne.jp,Male,254.182.38.150
816,Bert,Nester,bnestermn@alexa.com,Male,254.153.253.103
817,Gonzales,MacNeely,gmacneelymo@furl.net,Male,115.215.230.158
818,Pauli,Dalligan,pdalliganmp@webnode.com,Female,86.72.243.113
819,Jaquenette,Lanfer,jlanfermq@ihg.com,Female,78.234.148.111
820,Rolfe,Tures,rturesmr@odnoklassniki.ru,Male,1.74.3.251
821,Sissie,Gavrielly,sgavriellyms@alibaba.com,Female,107.227.82.23
822,Kelly,Turton,kturtonmt@newyorker.com,Female,105.113.210.18
823,Chelsy,Middlebrook,cmiddlebrookmu@aol.com,Female,45.10.15.175
824,Garry,Greenside,ggreensidemv@usa.gov,Male,117.188.114.192
825,Tiffy,Dillamore,tdillamoremw@wiley.com,Female,37.208.152.210
826,Sharleen,Draycott,sdraycottmx@engadget.com,Female,177.245.24.255
827,Willard,Tisun,wtisunmy@go.com,Male,25.130.143.0
828,Orion,Carrigan,ocarriganmz@buzzfeed.com,Male,252.60.228.76
829,Amitie,Avramovic,aavramovicn0@state.gov,Female,67.95.7.100
830,Flin,Thomesson,fthomessonn1@sourceforge.net,Male,210.170.226.135
831,Mirabel,Vacher,mvachern2@yandex.ru,Female,27.240.223.115
832,Katharine,Fullegar,kfullegarn3@nsw.gov.au,Female,30.37.204.201
833,Cole,Gilffillan,cgilffillann4@sun.com,Male,197.204.86.182
834,Vin,Prati,vpratin5@geocities.com,Female,88.91.11.84
835,Perl,Dupree,pdupreen6@creativecommons.org,Female,117.192.102.138
836,Kippie,Pellett,kpellettn7@stanford.edu,Female,93.64.115.69
837,Brett,Disbrey,bdisbreyn8@indiegogo.com,Female,112.202.36.19
838,Ansley,Antonat,aantonatn9@irs.gov,Female,145.139.62.186
839,Karim,Perford,kperfordna@rakuten.co.jp,Male,103.102.236.8
840,Mallissa,Dellenbroker,mdellenbrokernb@tiny.cc,Female,239.120.26.184
841,Ardis,Holtum,aholtumnc@java.com,Female,175.231.171.234
842,Ethelred,Seckom,eseckomnd@tinypic.com,Male,151.85.234.10
843,Hewet,Petley,hpetleyne@surveymonkey.com,Male,85.9.106.139
844,Casar,Biggerstaff,cbiggerstaffnf@reddit.com,Male,93.151.127.235
845,Eula,Kaasmann,ekaasmannng@ameblo.jp,Female,130.46.92.31
846,Keefe,Cossom,kcossomnh@weather.com,Male,60.14.113.227
847,Land,Westney,lwestneyni@cnbc.com,Male,101.110.96.39
848,Louella,Spur,lspurnj@gov.uk,Female,123.172.128.188
849,Kelsi,Blucher,kbluchernk@tripod.com,Female,64.9.162.70
850,Carleen,Cowlas,ccowlasnl@oaic.gov.au,Female,107.164.158.56
851,Gav,Galbraeth,ggalbraethnm@upenn.edu,Male,103.253.47.107
852,Alfie,Harbidge,aharbidgenn@unc.edu,Male,91.145.25.208
853,Nettle,Kybbye,nkybbyeno@weather.com,Female,141.34.11.99
854,Emerson,Mobberley,emobberleynp@msn.com,Male,1.203.244.210
855,Reuben,Claffey,rclaffeynq@altervista.org,Male,191.13.135.190
856,Wally,Scrafton,wscraftonnr@hexun.com,Male,155.131.227.6
857,Garey,Noulton,gnoultonns@businessinsider.com,Male,159.20.199.196
858,Mischa,Jest,mjestnt@globo.com,Male,162.57.106.34
859,Torie,Nower,tnowernu@seesaa.net,Female,173.57.70.196
860,Roby,Negus,rnegusnv@yale.edu,Female,138.101.31.113
861,Tanhya,Delacroux,tdelacrouxnw@networksolutions.com,Genderfluid,246.44.39.48
862,Denny,Beaten,dbeatennx@seesaa.net,Female,160.25.211.188
863,Vincent,Seaking,vseakingny@free.fr,Male,206.222.156.72
864,Elroy,Daine,edainenz@dropbox.com,Male,176.173.60.166
865,Mariam,Warfield,mwarfieldo0@amazonaws.com,Female,204.244.34.202
866,Tracey,Greggs,tgreggso1@sakura.ne.jp,Male,79.31.164.13
867,Lydie,Struther,lstruthero2@hao123.com,Female,229.20.237.242
868,Filip,Driuzzi,fdriuzzio3@wired.com,Male,169.2.205.205
869,Caryl,Haucke,chauckeo4@eventbrite.com,Female,157.231.92.113
870,Dionysus,Heck,dhecko5@github.io,Male,83.140.126.187
871,Stacy,Parnham,sparnhamo6@google.com.hk,Female,30.187.42.119
872,Nero,Loos,nlooso7@geocities.jp,Male,171.211.104.143
873,Glynis,Ivushkin,givushkino8@plala.or.jp,Female,125.227.97.22
874,Gunar,Gillham,ggillhamo9@economist.com,Male,247.77.118.116
875,Dru,Vowles,dvowlesoa@is.gd,Female,92.87.53.109
876,Booth,Cozens,bcozensob@tiny.cc,Male,45.173.230.34
877,Ezekiel,Siburn,esiburnoc@cloudflare.com,Male,84.225.186.210
878,Prent,Jeffryes,pjeffryesod@bbb.org,Male,55.163.248.181
879,Meghan,Bartoli,mbartolioe@drupal.org,Female,78.172.205.84
880,Chancey,Rhys,crhysof@creativecommons.org,Male,2.113.107.51
881,Graham,Brackenbury,gbrackenburyog@prweb.com,Male,28.125.192.235
882,Garald,Deinert,gdeinertoh@flickr.com,Male,229.25.17.130
883,Stefania,Echalie,sechalieoi@skype.com,Female,114.246.145.67
884,Tasha,Toward,ttowardoj@hao123.com,Female,96.139.173.172
885,Worthington,Jaksic,wjaksicok@blogs.com,Male,207.190.104.83
886,Fairleigh,Giacobini,fgiacobiniol@psu.edu,Male,100.34.179.227
887,Halimeda,Franciottoi,hfranciottoiom@redcross.org,Female,215.71.164.88
888,Marian,Burtwell,mburtwellon@twitter.com,Female,242.106.201.15
889,Danila,Lantiffe,dlantiffeoo@yahoo.co.jp,Female,108.193.237.67
890,Tuck,Gossipin,tgossipinop@indiegogo.com,Male,178.220.232.27
891,Kania,Ughi,kughioq@free.fr,Female,113.195.159.253
892,Dalli,Van Der Vlies,dvandervliesor@ocn.ne.jp,Male,53.49.90.201
893,Edgardo,Lathwood,elathwoodos@independent.co.uk,Male,251.110.147.118
894,Law,Groger,lgrogerot@qq.com,Male,64.212.142.0
895,Sheff,Beers,sbeersou@tuttocitta.it,Male,246.109.175.128
896,Andres,Arnell,aarnellov@icio.us,Male,184.117.66.141
897,Alethea,Siddle,asiddleow@loc.gov,Female,100.80.222.49
898,Matty,Heggman,mheggmanox@smh.com.au,Male,167.97.71.188
899,Carma,Stonier,cstonieroy@gmpg.org,Female,51.17.165.204
900,Sibilla,Cayet,scayetoz@psu.edu,Female,75.136.209.22
901,Debi,Ronald,dronaldp0@shareasale.com,Female,91.220.210.76
902,Sherilyn,McElree,smcelreep1@cnet.com,Non-binary,89.69.106.142
903,Anthony,McCard,amccardp2@gravatar.com,Male,63.201.177.92
904,Frederich,Nellis,fnellisp3@gravatar.com,Male,205.236.1.226
905,Prisca,Ebbins,pebbinsp4@huffingtonpost.com,Genderfluid,239.204.89.250
906,Kendal,Whistan,kwhistanp5@rakuten.co.jp,Male,97.91.95.22
907,Vance,Burtwistle,vburtwistlep6@goo.gl,Male,104.140.150.219
908,Arte,Astupenas,aastupenasp7@patch.com,Male,229.91.122.103
909,Ania,Hallatt,ahallattp8@ycombinator.com,Agender,215.190.254.50
910,Adora,Wooffinden,awooffindenp9@e-recht24.de,Female,9.23.49.44
911,Constantine,Shayler,cshaylerpa@wikia.com,Female,54.184.119.111
912,Levy,Keal,lkealpb@mayoclinic.com,Male,238.108.73.116
913,Daveen,Pollins,dpollinspc@squidoo.com,Female,35.138.206.103
914,Aurelie,Vondruska,avondruskapd@wired.com,Female,178.130.191.72
915,Nye,Gheorghescu,ngheorghescupe@oakley.com,Male,150.138.236.221
916,Waldemar,Lidgey,wlidgeypf@hud.gov,Male,126.226.35.185
917,Hildegarde,Iskower,hiskowerpg@google.fr,Female,79.145.82.196
918,Kattie,Sibly,ksiblyph@sfgate.com,Female,205.140.126.225
919,Orella,Freyne,ofreynepi@freewebs.com,Female,169.184.172.71
920,Boony,Palatino,bpalatinopj@hibu.com,Male,133.6.213.205
921,Devonne,Ollivierre,dollivierrepk@spiegel.de,Female,70.174.68.228
922,Dunstan,Yeulet,dyeuletpl@bluehost.com,Male,57.192.215.79
923,Melissa,Lucchi,mlucchipm@auda.org.au,Female,91.94.199.140
924,Wilmette,Burrett,wburrettpn@unicef.org,Female,221.11.220.39
925,Jason,Longstaff,jlongstaffpo@photobucket.com,Male,147.198.104.41
926,Ed,Cotterill,ecotterillpp@addthis.com,Male,218.172.45.111
927,Cris,Kersley,ckersleypq@prnewswire.com,Male,23.181.50.176
928,Cherie,O'Gaven,cogavenpr@google.de,Female,96.231.45.234
929,Bernadette,Currey,bcurreyps@npr.org,Non-binary,243.239.54.113
930,Aura,Aveson,aavesonpt@clickbank.net,Female,120.182.251.140
931,Jobyna,Berthomieu,jberthomieupu@youtube.com,Bigender,73.152.230.107
932,Erroll,Harrild,eharrildpv@bravesites.com,Male,41.76.46.97
933,Anastassia,Zecchinii,azecchiniipw@cbc.ca,Female,19.128.145.228
934,Barbee,Bryceson,bbrycesonpx@home.pl,Female,110.255.104.76
935,Lois,Clack,lclackpy@tiny.cc,Female,49.197.118.193
936,Rossie,Oswal,roswalpz@ustream.tv,Genderfluid,160.63.13.64
937,Feodor,Iacopo,fiacopoq0@fema.gov,Male,149.28.239.128
938,Maximilianus,Girling,mgirlingq1@wikia.com,Male,227.221.242.88
939,Marilee,Georgius,mgeorgiusq2@merriam-webster.com,Female,86.89.235.6
940,Peyter,Roelvink,proelvinkq3@cdc.gov,Male,185.74.42.26
941,Lanae,Elleyne,lelleyneq4@mlb.com,Genderqueer,68.200.162.4
942,Quinlan,Frowing,qfrowingq5@wufoo.com,Male,226.232.235.115
943,Kathlin,Reina,kreinaq6@alexa.com,Female,2.157.131.74
944,Merla,Joy,mjoyq7@shutterfly.com,Female,147.205.54.227
945,Myrvyn,Josey,mjoseyq8@about.me,Male,92.247.224.72
946,Grady,Tevelov,gtevelovq9@webnode.com,Male,59.137.212.175
947,Leigh,Jiruch,ljiruchqa@hp.com,Female,159.96.247.237
948,Hamil,Blowes,hblowesqb@g.co,Male,158.161.193.129
949,Skipper,Wedlock,swedlockqc@soundcloud.com,Male,7.141.205.233
950,Collie,Hazle,chazleqd@goodreads.com,Bigender,136.207.196.255
951,Ad,McGarva,amcgarvaqe@nasa.gov,Male,133.103.107.169
952,Ludovika,Boardman,lboardmanqf@shareasale.com,Female,197.18.42.19
953,Chelsy,Caughte,ccaughteqg@guardian.co.uk,Female,105.225.233.23
954,Lana,Guion,lguionqh@constantcontact.com,Female,139.110.128.178
955,Shelley,Lightbody,slightbodyqi@example.com,Female,27.58.13.239
956,Powell,Woolforde,pwoolfordeqj@smugmug.com,Male,227.37.133.63
957,Ailyn,Caukill,acaukillqk@usda.gov,Female,75.218.13.114
958,Julienne,Govini,jgoviniql@1688.com,Female,91.123.148.210
959,Devon,Tinkler,dtinklerqm@1und1.de,Female,73.10.122.105
960,Tallia,Langstaff,tlangstaffqn@answers.com,Female,198.46.112.33
961,Zak,Petrovic,zpetrovicqo@nytimes.com,Male,61.141.207.153
962,Janaya,Jaqueme,jjaquemeqp@godaddy.com,Female,215.7.202.37
963,Parker,Orts,portsqq@smh.com.au,Male,16.220.34.222
964,Emmerich,Sibbs,esibbsqr@live.com,Male,212.127.203.81
965,Javier,Tommasetti,jtommasettiqs@google.com.au,Male,30.185.56.21
966,Kimberly,Chatelot,kchatelotqt@soundcloud.com,Female,46.91.56.31
967,Herby,O'Heagertie,hoheagertiequ@squidoo.com,Male,94.4.149.215
968,Leandra,Wagon,lwagonqv@networkadvertising.org,Female,46.142.132.47
969,Ellsworth,Joselevitz,ejoselevitzqw@indiegogo.com,Male,48.14.200.175
970,Marjory,Stamps,mstampsqx@163.com,Female,137.33.238.193
971,Kelly,Killner,kkillnerqy@eventbrite.com,Male,226.12.169.255
972,Anthea,Riply,ariplyqz@aboutads.info,Female,6.55.244.238
973,Helene,Campes,hcampesr0@so-net.ne.jp,Female,121.168.49.52
974,Minetta,Webburn,mwebburnr1@amazonaws.com,Female,161.240.130.49
975,Oran,Fearfull,ofearfullr2@wufoo.com,Male,171.141.27.231
976,Seumas,Deedes,sdeedesr3@timesonline.co.uk,Male,224.144.39.85
977,Broderic,Renshall,brenshallr4@creativecommons.org,Male,211.21.47.68
978,Brenden,Izard,bizardr5@dailymail.co.uk,Agender,201.156.246.116
979,Saraann,Maffy,smaffyr6@linkedin.com,Female,244.68.156.220
980,Ryun,Denne,rdenner7@ning.com,Male,9.164.85.88
981,Tamqrah,Beedle,tbeedler8@seesaa.net,Genderfluid,218.182.251.137
982,Pippo,Dachs,pdachsr9@quantcast.com,Male,10.234.48.136
983,Emanuel,Edsall,eedsallra@amazon.co.jp,Male,38.233.246.41
984,Tamera,Perdue,tperduerb@hatena.ne.jp,Genderqueer,119.20.198.180
985,Eveleen,Tees,eteesrc@canalblog.com,Female,111.207.164.166
986,Banky,Eick,beickrd@about.com,Male,159.93.126.130
987,Devina,Easseby,deassebyre@dion.ne.jp,Female,170.158.56.53
988,Inger,Hiddsley,ihiddsleyrf@skyrock.com,Male,160.152.199.195
989,Saxon,Stinson,sstinsonrg@quantcast.com,Male,39.213.164.89
990,Verna,Dann,vdannrh@list-manage.com,Female,195.120.1.35
991,Julieta,Treweke,jtrewekeri@amazon.co.uk,Female,25.25.228.178
992,Sam,Eldrid,seldridrj@cbc.ca,Female,200.191.130.213
993,Kerr,Buttfield,kbuttfieldrk@accuweather.com,Male,107.208.63.108
994,Cart,Marrill,cmarrillrl@buzzfeed.com,Male,152.0.114.200
995,Gretta,Gauler,ggaulerrm@webnode.com,Female,245.70.71.248
996,Stefania,Arzu,sarzurn@zimbio.com,Female,124.230.250.97
997,Flss,Mars,fmarsro@washington.edu,Female,241.17.248.135
998,Wendall,Brito,wbritorp@tinyurl.com,Male,95.119.252.186
999,Melina,Mulmuray,mmulmurayrq@mlb.com,Genderfluid,106.156.176.91
1000,Grove,Prestner,gprestnerrr@icq.com,Male,91.80.167.14
