id,first_name,last_name,email,gender,ip_address
1,Kissie,Gronaver,kgronaver0@blinklist.com,Female,95.11.222.104
2,Aldridge,Strippling,astrippling1@storify.com,Male,116.244.133.139
3,Peyter,Berrisford,pberrisford2@booking.com,Male,34.194.159.77
4,Virgina,Wolfenden,vwolfenden3@photobucket.com,Female,99.113.190.230
5,Alane,Iorio,aiorio4@un.org,Female,134.180.43.237
6,Elmo,Bourhill,ebourhill5@tripod.com,Male,176.82.64.248
7,Lenard,Casaro,lcasaro6@narod.ru,Male,255.110.223.89
8,Sondra,Seyfart,sseyfart7@sourceforge.net,Polygender,244.159.5.189
9,Bernie,Bewsy,bbewsy8@vkontakte.ru,Female,61.131.183.224
10,Etta,McCready,emccready9@bing.com,Female,205.83.107.40
11,Hatti,Coulthard,hcoultharda@eepurl.com,Genderfluid,177.216.17.247
12,Isahella,Dober,idoberb@accuweather.com,Female,207.19.87.160
13,Godart,Christophers,gchristophersc@naver.com,Male,104.163.182.100
14,Constance,Goldman,cgoldmand@addthis.com,Female,29.5.145.160
15,Anne,Tumulty,atumultye@gov.uk,Female,10.27.11.83
16,Shayla,Brookshaw,sbrookshawf@about.com,Female,130.227.121.101
17,Quentin,Truesdale,qtruesdaleg@themeforest.net,Male,208.200.147.136
18,Marya,Kern,mkernh@themeforest.net,Female,28.119.46.98
19,Erick,Draper,edraperi@globo.com,Male,36.154.171.197
20,Luci,Larenson,llarensonj@indiatimes.com,Female,155.41.98.190
21,Garwin,Mosdill,gmosdillk@4shared.com,Male,205.54.249.247
22,Valencia,Skeech,vskeechl@cyberchimps.com,Genderfluid,9.194.106.48
23,Gerry,Lawler,glawlerm@cargocollective.com,Female,49.125.133.248
24,Jordanna,Giurio,jgiurion@ehow.com,Female,233.172.28.0
25,Binky,Delort,bdelorto@google.com.hk,Male,174.252.209.123
26,Jessie,Harfleet,jharfleetp@redcross.org,Female,143.253.52.176
27,Dosi,Rumford,drumfordq@t.co,Female,90.189.33.236
28,Vick,Slaymaker,vslaymakerr@go.com,Male,221.109.165.237
29,Valentino,Zoren,vzorens@mit.edu,Male,23.36.236.168
30,Royal,Tytcomb,rtytcombt@nhs.uk,Male,54.238.27.203
31,Elmira,Ghiroldi,eghiroldiu@mtv.com,Female,241.42.194.244
32,Jason,Manson,jmansonv@noaa.gov,Male,72.40.85.173
33,Aurilia,Oade,aoadew@slideshare.net,Female,193.49.240.116
34,Yvor,Dyneley,ydyneleyx@psu.edu,Male,204.92.174.22
35,Elladine,Giraudy,egiraudyy@newsvine.com,Female,135.38.151.163
36,Kristien,Fittes,kfittesz@google.co.uk,Female,142.226.99.123
37,Simmonds,Poundford,spoundford10@shop-pro.jp,Male,212.58.3.162
38,Delilah,Bugg,dbugg11@paypal.com,Female,193.96.98.41
39,Gayleen,McKibbin,gmckibbin12@freewebs.com,Female,161.83.89.98
40,Nalani,Greguol,ngreguol13@woothemes.com,Polygender,116.26.205.63
41,Ralina,Deane,rdeane14@nyu.edu,Female,200.208.239.206
42,Alaric,Parkyns,aparkyns15@acquirethisname.com,Male,76.184.208.112
43,Cris,Saggers,csaggers16@sbwire.com,Male,139.122.26.43
44,Lion,Ferenczi,lferenczi17@mapquest.com,Male,82.161.215.111
45,Glynis,Cuerdall,gcuerdall18@wiley.com,Female,212.1.37.69
46,Roselia,Brownsey,rbrownsey19@virginia.edu,Female,28.11.125.255
47,Prentice,Alford,palford1a@reverbnation.com,Male,164.78.146.172
48,Rey,Salla,rsalla1b@alibaba.com,Polygender,159.184.94.103
49,Jelene,Aleksashin,jaleksashin1c@ustream.tv,Female,61.220.131.180
50,Celle,Sutherns,csutherns1d@huffingtonpost.com,Female,175.78.135.67
51,Emma,Parkman,eparkman1e@gov.uk,Female,39.20.51.0
52,Finlay,Kemish,fkemish1f@chicagotribune.com,Male,125.154.132.202
53,Selby,Shewsmith,sshewsmith1g@berkeley.edu,Male,168.97.243.73
54,Gusta,Glede,gglede1h@msu.edu,Female,83.77.158.10
55,Nicolis,Lawee,nlawee1i@umich.edu,Male,70.253.50.88
56,Ardith,Ruffey,aruffey1j@who.int,Female,156.185.109.120
57,Rab,Matej,rmatej1k@wikimedia.org,Male,28.183.219.203
58,Tessi,Axelbee,taxelbee1l@mashable.com,Bigender,195.54.28.155
59,Nicola,Victor,nvictor1m@1und1.de,Male,82.108.231.230
60,Desiri,Oluwatoyin,doluwatoyin1n@bloomberg.com,Female,241.82.132.147
61,Xena,Tirte,xtirte1o@alexa.com,Female,179.54.88.31
62,Sheryl,Huie,shuie1p@sun.com,Female,135.129.23.175
63,Sena,Gleadhell,sgleadhell1q@vk.com,Female,219.227.50.246
64,Isidro,Bodiam,ibodiam1r@dropbox.com,Male,183.92.28.103
65,Otis,Fickling,ofickling1s@canalblog.com,Male,91.71.168.83
66,Dacie,McCormack,dmccormack1t@networkadvertising.org,Female,188.155.195.87
67,Jordain,Gerardi,jgerardi1u@bloglovin.com,Female,56.74.4.205
68,Fraser,Tite,ftite1v@bandcamp.com,Male,174.63.219.20
69,Bail,Powles,bpowles1w@upenn.edu,Male,107.236.12.119
70,Ev,Acres,eacres1x@people.com.cn,Male,199.85.216.85
71,Ignaz,Tootal,itootal1y@tinypic.com,Male,110.12.86.61
72,Ynez,Jaimez,yjaimez1z@4shared.com,Female,243.178.129.153
73,Danika,Zack,dzack20@smh.com.au,Female,212.75.230.139
74,Gregorius,Chomiszewski,gchomiszewski21@miitbeian.gov.cn,Male,104.51.7.19
75,Lyda,Sallis,lsallis22@engadget.com,Female,163.219.203.240
76,Jo-anne,Batstone,jbatstone23@ocn.ne.jp,Female,121.205.235.175
77,Madelene,Inglefield,minglefield24@a8.net,Female,233.35.95.238
78,Daphne,Zelland,dzelland25@privacy.gov.au,Female,125.112.111.232
79,Reba,Taks,rtaks26@usatoday.com,Female,254.147.84.181
80,Lazar,O'Doohaine,lodoohaine27@intel.com,Male,8.215.83.75
81,Garvey,Lambe,glambe28@reference.com,Male,148.128.247.97
82,Justina,Blackley,jblackley29@smugmug.com,Female,187.198.65.149
83,Gilbertina,Malimoe,gmalimoe2a@usa.gov,Female,129.126.232.200
84,Sheila,Shugg,sshugg2b@indiegogo.com,Female,236.97.14.141
85,Prinz,Jacmar,pjacmar2c@163.com,Male,191.112.101.179
86,Frieda,MacDermid,fmacdermid2d@ft.com,Polygender,209.74.1.155
87,Manfred,Springate,mspringate2e@delicious.com,Male,11.101.123.209
88,Sven,Berntsson,sberntsson2f@ustream.tv,Male,171.172.207.181
89,Gavra,Gormley,ggormley2g@pcworld.com,Female,147.248.225.228
90,Ferrel,Deboo,fdeboo2h@cdc.gov,Male,101.11.49.9
91,Fayina,Espinha,fespinha2i@icq.com,Female,140.39.199.246
92,Joycelin,Baleine,jbaleine2j@sina.com.cn,Genderfluid,85.142.213.151
93,Raina,Monkman,rmonkman2k@google.com.hk,Female,158.185.136.157
94,Paulita,Sive,psive2l@youku.com,Female,198.166.22.50
95,Abbott,Raveau,araveau2m@ucoz.com,Agender,112.190.240.255
96,Aurilia,Berthod,aberthod2n@latimes.com,Female,244.134.147.119
97,Stern,Coade,scoade2o@t.co,Male,56.206.229.94
98,Bernardina,Ferriman,bferriman2p@usa.gov,Female,162.92.119.206
99,Sonya,Steanson,ssteanson2q@macromedia.com,Female,187.147.232.37
100,Jami,McDonough,jmcdonough2r@illinois.edu,Genderfluid,108.214.133.189
101,Gael,Cunnow,gcunnow2s@soup.io,Male,214.172.208.17
102,Korry,Briat,kbriat2t@nsw.gov.au,Female,186.165.224.255
103,Daphene,MacKaig,dmackaig2u@blog.com,Female,242.183.99.28
104,Percival,Tingle,ptingle2v@seesaa.net,Male,178.26.101.2
105,Claus,Loder,cloder2w@uiuc.edu,Male,109.238.26.185
106,Kaycee,Reid,kreid2x@ow.ly,Female,177.97.178.166
107,Ame,Badrick,abadrick2y@51.la,Polygender,52.28.69.18
108,Woodman,Livingston,wlivingston2z@sphinn.com,Male,21.226.209.43
109,Luke,Currington,lcurrington30@opensource.org,Male,126.108.160.56
110,Karlen,Capehorn,kcapehorn31@eventbrite.com,Female,86.173.183.51
111,Nolan,Gibb,ngibb32@goo.ne.jp,Male,236.148.67.79
112,Debbi,Marages,dmarages33@tripod.com,Non-binary,190.37.202.220
113,Sophronia,True,strue34@mac.com,Female,215.211.153.74
114,Herve,Eake,heake35@wisc.edu,Male,40.125.40.35
115,Shaw,Fawdry,sfawdry36@ca.gov,Male,62.178.157.244
116,Aggy,Espie,aespie37@nsw.gov.au,Female,84.0.8.243
117,Dinny,Sawtell,dsawtell38@youku.com,Female,22.139.133.173
118,Carolyn,L'Amie,clamie39@g.co,Female,119.74.219.9
119,Lauraine,Shadfourth,lshadfourth3a@drupal.org,Non-binary,176.108.240.83
120,Teriann,Wagstaffe,twagstaffe3b@engadget.com,Female,66.57.5.209
121,Errick,Logsdail,elogsdail3c@csmonitor.com,Male,95.114.122.191
122,Vic,Holyland,vholyland3d@toplist.cz,Genderqueer,110.160.119.115
123,Abran,Filipyev,afilipyev3e@uol.com.br,Male,165.37.122.198
124,Raymund,Wessing,rwessing3f@cdc.gov,Male,95.167.249.103
125,Curtice,Monday,cmonday3g@last.fm,Genderqueer,6.118.167.117
126,Ralph,Garretts,rgarretts3h@wordpress.com,Bigender,224.162.61.12
127,Cindi,Coburn,ccoburn3i@imgur.com,Female,101.188.166.195
128,Helen-elizabeth,Boutton,hboutton3j@dyndns.org,Female,93.193.177.74
129,Poppy,Carvell,pcarvell3k@yahoo.com,Female,133.65.174.66
130,Zorina,Meert,zmeert3l@un.org,Female,37.231.24.134
131,Bryce,Robrose,brobrose3m@drupal.org,Male,31.160.152.69
132,Alysa,Spofforth,aspofforth3n@samsung.com,Female,232.223.7.40
133,Mathias,Borthram,mborthram3o@nifty.com,Male,56.160.182.231
134,Delphine,Mannie,dmannie3p@google.ru,Female,156.127.78.119
135,Florian,Hardesty,fhardesty3q@examiner.com,Male,72.68.29.201
136,Nanice,Impleton,nimpleton3r@ask.com,Polygender,255.149.219.7
137,Vitia,Marciskewski,vmarciskewski3s@gov.uk,Female,248.106.183.29
138,Lemar,Handlin,lhandlin3t@chicagotribune.com,Male,93.120.178.5
139,Trula,Cruddace,tcruddace3u@tuttocitta.it,Female,81.181.122.46
140,Jodi,Duigan,jduigan3v@state.gov,Male,47.86.224.120
141,Hashim,Mugford,hmugford3w@google.fr,Male,198.57.63.16
142,Skippy,Miko,smiko3x@unesco.org,Male,207.7.182.169
143,Roger,Thripp,rthripp3y@ovh.net,Male,224.176.39.78
144,Tracy,Palfreman,tpalfreman3z@prnewswire.com,Genderfluid,9.62.238.157
145,Luther,Morrall,lmorrall40@163.com,Male,80.118.179.35
146,Hillery,Grzeskowski,hgrzeskowski41@answers.com,Male,245.3.230.174
147,Edvard,Mungan,emungan42@amazonaws.com,Genderqueer,8.75.10.145
148,Gayelord,Gavrielly,ggavrielly43@thetimes.co.uk,Male,216.171.0.153
149,Midge,Pailin,mpailin44@examiner.com,Female,131.138.163.150
150,Tomkin,Stoyle,tstoyle45@state.tx.us,Male,167.83.2.148
151,Erie,Levey,elevey46@cornell.edu,Agender,233.207.151.199
152,Osgood,Ruprecht,oruprecht47@drupal.org,Male,233.84.24.239
153,Annabelle,Panchin,apanchin48@dedecms.com,Female,142.141.239.177
154,Kilian,Guerrero,kguerrero49@typepad.com,Agender,54.229.128.217
155,Waite,Linstead,wlinstead4a@harvard.edu,Male,32.124.25.161
156,Broddie,Lamers,blamers4b@un.org,Male,227.3.250.66
157,Murial,Dragonette,mdragonette4c@privacy.gov.au,Female,7.173.88.216
158,Olag,Ganiclef,oganiclef4d@about.me,Male,131.26.131.34
159,Nikolaos,Brenneke,nbrenneke4e@sciencedaily.com,Male,146.134.24.145
160,Antonino,Mattock,amattock4f@google.ru,Male,139.21.49.116
161,Jannel,Greenier,jgreenier4g@abc.net.au,Genderqueer,44.127.100.194
162,Kane,Adicot,kadicot4h@themeforest.net,Bigender,211.209.159.84
163,Etienne,Wilderspoon,ewilderspoon4i@comcast.net,Male,253.110.208.208
164,Pamelina,Ollis,pollis4j@homestead.com,Genderqueer,84.73.174.162
165,Townsend,Feek,tfeek4k@hugedomains.com,Male,64.12.224.191
166,Gena,Cuss,gcuss4l@nbcnews.com,Female,161.241.35.184
167,Nickolas,Sango,nsango4m@last.fm,Male,183.177.151.255
168,Oralle,Folger,ofolger4n@qq.com,Female,207.3.67.220
169,Alina,Bartolacci,abartolacci4o@mediafire.com,Female,194.246.173.232
170,Ned,Imison,nimison4p@ucoz.com,Male,220.204.167.60
171,Maren,Boddam,mboddam4q@google.cn,Agender,226.251.202.8
172,Denny,Norquoy,dnorquoy4r@ox.ac.uk,Female,148.131.246.100
173,Shawn,Muat,smuat4s@flickr.com,Male,2.54.249.142
174,Van,Sone,vsone4t@parallels.com,Male,48.233.31.183
175,Dominique,Feye,dfeye4u@intel.com,Male,130.247.135.150
176,Elianore,Rabley,erabley4v@cargocollective.com,Female,80.29.53.160
177,Alberta,Toleman,atoleman4w@github.io,Female,247.27.54.55
178,Randee,Waylen,rwaylen4x@dagondesign.com,Female,32.150.196.182
179,Alfie,Thomke,athomke4y@irs.gov,Polygender,239.62.93.15
180,Stefania,Chin,schin4z@topsy.com,Female,59.75.211.176
181,Elise,McQuilty,emcquilty50@amazonaws.com,Female,51.175.15.198
182,Vernen,Norley,vnorley51@reverbnation.com,Male,127.44.37.113
183,Sherman,Courtney,scourtney52@google.nl,Bigender,69.152.205.184
184,Roxanne,Killigrew,rkilligrew53@telegraph.co.uk,Female,211.217.236.143
185,Jessamyn,Craft,jcraft54@indiatimes.com,Female,158.114.165.254
186,Myrle,Joska,mjoska55@storify.com,Female,113.102.150.112
187,Stanly,Brothers,sbrothers56@gizmodo.com,Male,130.116.253.54
188,Issy,Dunsford,idunsford57@plala.or.jp,Female,243.76.201.105
189,Mersey,Shone,mshone58@seesaa.net,Female,100.41.50.87
190,Celinda,Ayling,cayling59@livejournal.com,Female,218.167.213.158
191,Kizzie,Gaynsford,kgaynsford5a@archive.org,Female,202.35.52.121
192,Shayne,Sanbrook,ssanbrook5b@vk.com,Male,82.21.127.22
193,Chaim,Loyley,cloyley5c@xing.com,Male,162.129.101.8
194,Vyky,Ewbanke,vewbanke5d@yolasite.com,Female,86.9.33.196
195,Alessandra,Giannotti,agiannotti5e@ft.com,Female,41.17.230.15
196,Denise,Barkes,dbarkes5f@forbes.com,Agender,160.241.128.34
197,Arlie,Westhead,awesthead5g@taobao.com,Female,63.68.6.232
198,Vilma,Killbey,vkillbey5h@comcast.net,Female,129.118.0.158
199,Letti,Peto,lpeto5i@nydailynews.com,Female,7.238.167.241
200,Ferdinand,Pepperill,fpepperill5j@vinaora.com,Male,114.193.160.167
201,Viviyan,Olivetta,volivetta5k@skyrock.com,Female,57.221.7.191
202,Didi,Farn,dfarn5l@jugem.jp,Female,229.5.202.210
203,Marris,Geibel,mgeibel5m@usda.gov,Female,124.239.245.224
204,Deerdre,Seegar,dseegar5n@princeton.edu,Female,147.38.117.133
205,Corinne,Smalridge,csmalridge5o@aol.com,Female,174.19.44.22
206,Diandra,Zmitruk,dzmitruk5p@tmall.com,Female,103.236.95.97
207,Giorgi,Delbergue,gdelbergue5q@ameblo.jp,Male,180.222.118.94
208,Reyna,Oaks,roaks5r@devhub.com,Female,81.201.115.91
209,Austen,Stubbings,astubbings5s@slashdot.org,Agender,196.155.203.205
210,Obediah,Denyer,odenyer5t@ycombinator.com,Male,239.49.25.219
211,Estrellita,Brigham,ebrigham5u@shutterfly.com,Female,227.252.177.71
212,Dimitri,Sattin,dsattin5v@nyu.edu,Male,55.222.167.255
213,Vincents,Gapper,vgapper5w@ftc.gov,Male,30.248.45.215
214,Elianore,Von Welden,evonwelden5x@boston.com,Female,173.13.113.230
215,Leif,Jersh,ljersh5y@prweb.com,Male,237.179.175.76
216,Ellyn,Spridgen,espridgen5z@bravesites.com,Female,28.9.66.4
217,Burke,Janew,bjanew60@xing.com,Male,52.126.18.157
218,Leodora,Camis,lcamis61@phoca.cz,Female,250.196.160.14
219,Glori,Infantino,ginfantino62@netvibes.com,Bigender,144.174.137.219
220,Saidee,Imison,simison63@fastcompany.com,Female,146.124.243.42
221,Sergio,Dummigan,sdummigan64@ebay.com,Male,92.28.168.61
222,Carmine,Maddox,cmaddox65@mit.edu,Bigender,86.75.205.7
223,Merrie,Crame,mcrame66@constantcontact.com,Female,37.147.20.238
224,Ken,Klass,kklass67@photobucket.com,Male,139.199.141.130
225,Isaiah,Scholar,ischolar68@umich.edu,Male,35.176.190.7
226,Deva,Walrond,dwalrond69@lulu.com,Female,183.59.49.120
227,Stoddard,Cagan,scagan6a@cafepress.com,Female,188.187.32.52
228,Hunt,Lempke,hlempke6b@discuz.net,Male,156.18.237.44
229,Korie,Larter,klarter6c@comsenz.com,Female,200.248.29.10
230,Gilberto,Peris,gperis6d@wsj.com,Male,127.39.104.229
231,Ruby,Luton,rluton6e@admin.ch,Female,255.19.6.201
232,Sheilakathryn,Hainning,shainning6f@myspace.com,Female,172.153.51.237
233,Angelo,Sertin,asertin6g@comsenz.com,Male,129.154.67.143
234,Alessandro,Rubertis,arubertis6h@canalblog.com,Male,57.204.127.103
235,Lloyd,Burnsides,lburnsides6i@mayoclinic.com,Male,215.118.133.127
236,Alberik,Caser,acaser6j@house.gov,Male,168.24.197.23
237,Basilio,O'Shiels,boshiels6k@washingtonpost.com,Male,135.42.170.24
238,Hi,Caverhill,hcaverhill6l@umich.edu,Male,214.92.55.98
239,Tisha,Cradey,tcradey6m@thetimes.co.uk,Female,45.206.147.92
240,Malina,Danihel,mdanihel6n@tinypic.com,Female,182.132.253.15
241,Harwilll,Clarkson,hclarkson6o@163.com,Male,143.228.85.0
242,August,Mainston,amainston6p@nps.gov,Male,230.239.109.185
243,Carlyle,Franzen,cfranzen6q@blogger.com,Male,30.7.151.23
244,Ambrosius,Prescot,aprescot6r@usatoday.com,Genderqueer,208.1.90.91
245,Modesty,Lambdin,mlambdin6s@shinystat.com,Female,41.99.161.43
246,Adler,Garrigan,agarrigan6t@sbwire.com,Male,30.71.108.107
247,Orren,Gladwell,ogladwell6u@com.com,Male,190.23.2.185
248,Shepperd,Gringley,sgringley6v@uol.com.br,Male,240.180.222.3
249,Claresta,De Caroli,cdecaroli6w@howstuffworks.com,Genderqueer,198.165.106.73
250,Pepe,Whitcombe,pwhitcombe6x@admin.ch,Male,243.228.203.238
251,Natividad,Sampey,nsampey6y@irs.gov,Female,221.234.188.230
252,Lana,Bowerbank,lbowerbank6z@example.com,Female,96.70.147.225
253,Cynde,Slayton,cslayton70@dropbox.com,Female,210.37.53.110
254,Tirrell,Sikora,tsikora71@jigsy.com,Male,21.39.233.225
255,Erhart,Heasly,eheasly72@mail.ru,Male,141.81.123.172
256,Igor,Mandy,imandy73@noaa.gov,Non-binary,12.176.164.207
257,Carey,Garrad,cgarrad74@businessweek.com,Female,235.185.32.144
258,Elissa,Tiler,etiler75@ucoz.com,Female,118.214.152.73
259,Gradey,Ace,gace76@hugedomains.com,Non-binary,183.38.179.57
260,Bale,Pettiward,bpettiward77@soundcloud.com,Male,209.3.108.206
261,Ofella,Joutapavicius,ojoutapavicius78@skype.com,Female,86.173.96.147
262,Alphard,Shobbrook,ashobbrook79@purevolume.com,Male,181.101.225.33
263,Gawen,Troni,gtroni7a@toplist.cz,Male,1.59.251.109
264,Sibella,Hambribe,shambribe7b@mayoclinic.com,Female,61.63.29.101
265,Cilka,Easson,ceasson7c@google.fr,Female,18.45.157.134
266,Feliza,O'Lyhane,folyhane7d@wikimedia.org,Female,250.186.118.110
267,Aharon,Pardy,apardy7e@cnet.com,Male,119.196.24.37
268,Ansell,Gribbin,agribbin7f@mayoclinic.com,Male,128.102.4.29
269,Laurette,Anstey,lanstey7g@sitemeter.com,Female,96.195.203.207
270,Jamey,Fonquernie,jfonquernie7h@liveinternet.ru,Male,175.19.254.76
271,Hillyer,Leathart,hleathart7i@mashable.com,Male,214.67.122.204
272,Chev,Wheldon,cwheldon7j@printfriendly.com,Male,209.248.122.247
273,Pepe,Rubinowitsch,prubinowitsch7k@is.gd,Male,116.224.75.71
274,Angelique,Arnald,aarnald7l@xrea.com,Female,214.209.73.109
275,Bruno,Bemlott,bbemlott7m@friendfeed.com,Male,135.80.0.216
276,Rochella,McParland,rmcparland7n@tmall.com,Female,229.5.236.13
277,Peterus,Stennard,pstennard7o@paypal.com,Male,243.130.158.57
278,Anna-maria,Rappa,arappa7p@theglobeandmail.com,Female,23.6.178.93
279,Grissel,Crippill,gcrippill7q@domainmarket.com,Female,66.49.152.193
280,Evangelia,Philippsohn,ephilippsohn7r@yahoo.com,Female,216.23.124.137
281,Dory,Lattin,dlattin7s@wikispaces.com,Male,73.181.49.97
282,Brooks,Zini,bzini7t@miibeian.gov.cn,Male,122.160.30.3
283,Ginger,Gatley,ggatley7u@go.com,Non-binary,10.0.177.52
284,Suzy,Meysham,smeysham7v@pagesperso-orange.fr,Female,242.116.156.124
285,Noll,Burnhard,nburnhard7w@wisc.edu,Male,124.77.175.76
286,Timotheus,Lermouth,tlermouth7x@home.pl,Male,138.86.35.182
287,Marlin,Hinze,mhinze7y@unesco.org,Male,155.72.27.21
288,Vin,Stienton,vstienton7z@ftc.gov,Female,133.50.15.188
289,Mia,Skamal,mskamal80@github.com,Female,213.2.234.202
290,Gardener,Patton,gpatton81@dot.gov,Male,234.15.254.177
291,Sheppard,Foakes,sfoakes82@newyorker.com,Male,64.57.87.207
292,Deeann,Camel,dcamel83@guardian.co.uk,Female,168.208.67.190
293,Kristoforo,Fincher,kfincher84@techcrunch.com,Male,45.185.156.139
294,Ardath,Kearton,akearton85@canalblog.com,Female,162.40.157.42
295,Licha,Penswick,lpenswick86@jimdo.com,Female,16.58.55.133
296,Timotheus,Pepis,tpepis87@rediff.com,Male,175.94.12.26
297,Dre,Hayne,dhayne88@census.gov,Female,158.34.187.190
298,Danya,Lingfoot,dlingfoot89@ted.com,Female,59.154.8.75
299,Rodi,Daye,rdaye8a@unicef.org,Female,103.172.144.84
300,Gunilla,Vaines,gvaines8b@epa.gov,Female,255.38.85.78
301,Barthel,Drife,bdrife8c@godaddy.com,Male,245.251.123.26
302,Bess,Morforth,bmorforth8d@si.edu,Female,110.174.196.192
303,Geno,Brideoke,gbrideoke8e@dell.com,Male,83.24.150.115
304,Elisabetta,Tapping,etapping8f@seattletimes.com,Female,65.18.58.187
305,Dewitt,Bachman,dbachman8g@hhs.gov,Male,247.111.240.255
306,Nicol,Graalman,ngraalman8h@walmart.com,Male,170.143.129.223
307,Deloria,Kuller,dkuller8i@unicef.org,Bigender,203.142.99.163
308,Hendrika,Pettinger,hpettinger8j@blogger.com,Female,21.14.122.105
309,Celestine,Heinonen,cheinonen8k@wiley.com,Polygender,160.167.25.183
310,Lemar,Frankom,lfrankom8l@ifeng.com,Male,137.204.24.48
311,Geoffry,Lodder,glodder8m@cafepress.com,Male,88.44.90.226
312,Kalle,Rishman,krishman8n@mapquest.com,Male,85.204.93.128
313,Gunilla,Tapping,gtapping8o@nyu.edu,Bigender,201.210.25.197
314,Boyce,Elloway,belloway8p@wisc.edu,Male,120.2.136.71
315,Webb,Shave,wshave8q@typepad.com,Male,162.152.88.219
316,Helga,Jore,hjore8r@cnbc.com,Female,90.78.95.187
317,Barret,Pettingill,bpettingill8s@disqus.com,Male,222.250.98.165
318,Anthiathia,Thornton-Dewhirst,athorntondewhirst8t@blogger.com,Female,191.149.226.242
319,Marline,Bonifacio,mbonifacio8u@behance.net,Female,144.107.101.65
320,Van,Le Leu,vleleu8v@un.org,Male,10.246.75.93
321,Hillel,Tilney,htilney8w@webnode.com,Male,115.26.45.240
322,Penelopa,Rois,prois8x@devhub.com,Bigender,69.201.96.171
323,Luis,Danton,ldanton8y@bluehost.com,Male,218.59.66.85
324,Ewen,Coggings,ecoggings8z@acquirethisname.com,Agender,16.13.142.34
325,Francene,Dawidowitsch,fdawidowitsch90@apache.org,Female,152.194.198.7
326,Ebonee,Philippon,ephilippon91@deliciousdays.com,Agender,174.223.101.57
327,Viva,Hatje,vhatje92@ning.com,Female,90.205.85.86
328,Constantina,Doohey,cdoohey93@acquirethisname.com,Female,79.220.76.17
329,Rowland,Springle,rspringle94@tripod.com,Polygender,197.135.192.73
330,Christy,Evamy,cevamy95@biglobe.ne.jp,Polygender,1.109.166.122
331,Merrile,Backshaw,mbackshaw96@bravesites.com,Female,224.213.11.164
332,Mort,Olsen,molsen97@answers.com,Genderqueer,47.37.134.82
333,Joline,Berryann,jberryann98@howstuffworks.com,Female,50.240.39.1
334,Glenna,Stroulger,gstroulger99@washington.edu,Female,112.246.152.97
335,Diego,Ondricek,dondricek9a@reuters.com,Non-binary,65.44.120.9
336,Lenci,Danton,ldanton9b@hugedomains.com,Male,222.140.202.93
337,Rogers,Klemz,rklemz9c@fc2.com,Male,99.170.155.23
338,Darcy,Gaddes,dgaddes9d@rambler.ru,Male,71.207.130.177
339,Che,Abba,cabba9e@istockphoto.com,Male,13.188.99.200
340,Linus,Decroix,ldecroix9f@google.de,Male,149.21.235.239
341,Eduard,Steinhammer,esteinhammer9g@businessinsider.com,Male,57.33.0.217
342,Gussie,Forsard,gforsard9h@reverbnation.com,Non-binary,154.178.116.82
343,Gerard,Everly,geverly9i@addthis.com,Male,156.130.223.8
344,Hymie,Myhan,hmyhan9j@dedecms.com,Polygender,71.210.8.196
345,Roshelle,Trahearn,rtrahearn9k@netlog.com,Female,92.25.178.1
346,Linell,Fairclough,lfairclough9l@plala.or.jp,Female,248.84.10.164
347,Bernelle,Mapston,bmapston9m@springer.com,Female,19.201.31.242
348,Hagan,Joriot,hjoriot9n@unicef.org,Polygender,50.60.193.228
349,Balduin,Bullion,bbullion9o@domainmarket.com,Male,65.14.206.81
350,Saundra,Pirdue,spirdue9p@dropbox.com,Female,45.219.132.221
351,Marlee,Opdenorth,mopdenorth9q@i2i.jp,Genderqueer,248.125.166.31
352,Kaiser,Rodenburg,krodenburg9r@pbs.org,Male,186.22.166.143
353,Lanny,Vallentine,lvallentine9s@last.fm,Male,170.250.4.50
354,Georgianna,Mossop,gmossop9t@prnewswire.com,Female,101.62.73.252
355,Vito,Snowman,vsnowman9u@businesswire.com,Genderqueer,217.167.108.51
356,Justinn,Calafato,jcalafato9v@soup.io,Female,128.199.126.10
357,Lavena,Sheerman,lsheerman9w@usnews.com,Female,202.160.127.51
358,Melesa,Bazoche,mbazoche9x@archive.org,Female,232.45.15.194
359,Evvy,Guirard,eguirard9y@cdc.gov,Female,3.85.61.186
360,Bobette,Scotchford,bscotchford9z@latimes.com,Female,235.73.181.132
361,Hartwell,Kynan,hkynana0@sina.com.cn,Male,200.167.31.103
362,Gregory,Zamudio,gzamudioa1@phpbb.com,Male,89.190.68.141
363,Helli,Zettler,hzettlera2@canalblog.com,Female,81.226.81.196
364,Clarabelle,Webermann,cwebermanna3@wikispaces.com,Female,26.110.234.234
365,Glori,Crinson,gcrinsona4@ftc.gov,Female,87.44.245.145
366,Marcile,Reason,mreasona5@discuz.net,Female,98.18.38.28
367,Angelle,Boundy,aboundya6@scribd.com,Female,181.33.229.197
368,Iormina,Ogelsby,iogelsbya7@japanpost.jp,Female,12.84.58.251
369,Mikaela,Haggus,mhaggusa8@blog.com,Female,180.82.149.67
370,Stephanie,Brognot,sbrognota9@cbc.ca,Bigender,224.150.61.101
371,Haleigh,Boult,hboultaa@bloomberg.com,Female,66.152.137.102
372,Brenda,De Carlo,bdecarloab@boston.com,Female,91.78.191.83
373,Isaak,Lyver,ilyverac@google.pl,Male,188.89.58.165
374,Brittany,Hyett,bhyettad@qq.com,Female,89.10.61.69
375,Pier,Battson,pbattsonae@sitemeter.com,Polygender,83.103.25.60
376,Maggie,Meagher,mmeagheraf@economist.com,Female,57.124.206.130
377,Gerik,Curneen,gcurneenag@digg.com,Male,17.231.191.70
378,Jordanna,Spafford,jspaffordah@digg.com,Female,16.89.67.166
379,Bret,Mintram,bmintramai@163.com,Male,6.113.70.49
380,Mireille,Skeel,mskeelaj@friendfeed.com,Female,83.171.237.65
381,Marni,Botterill,mbotterillak@biblegateway.com,Female,115.241.20.40
382,Linet,Laise,llaiseal@unc.edu,Female,70.254.106.89
383,Ursula,Hazeldene,uhazeldeneam@yahoo.co.jp,Female,218.51.136.195
384,Gerrard,Maden,gmadenan@psu.edu,Genderqueer,171.155.216.25
385,Zelda,Lack,zlackao@yahoo.co.jp,Female,203.171.195.44
386,Sallie,MacLaughlin,smaclaughlinap@wiley.com,Female,92.59.168.57
387,Tildy,Ivers,tiversaq@census.gov,Female,72.95.43.202
388,Mitch,Erik,merikar@digg.com,Male,130.99.119.214
389,Lauretta,Forsythe,lforsytheas@csmonitor.com,Female,229.160.164.227
390,Aile,Whithalgh,awhithalghat@rediff.com,Female,209.227.48.81
391,Alanson,Cardoo,acardooau@bandcamp.com,Male,82.168.39.137
392,Minta,Ciottoi,mciottoiav@shutterfly.com,Female,154.17.207.229
393,Dalt,Romi,dromiaw@artisteer.com,Male,120.151.250.78
394,Jacob,Blaxall,jblaxallax@cornell.edu,Male,109.211.14.160
395,Jo-anne,Reis,jreisay@hp.com,Agender,121.217.122.8
396,Vincenz,Drew-Clifton,vdrewcliftonaz@pagesperso-orange.fr,Male,191.108.152.215
397,Lulu,Wheelton,lwheeltonb0@miibeian.gov.cn,Genderfluid,161.199.236.136
398,Joshua,Barbrook,jbarbrookb1@weebly.com,Male,234.205.237.26
399,Bernhard,Syers,bsyersb2@ovh.net,Male,162.175.74.172
400,Minda,Townend,mtownendb3@booking.com,Female,191.122.157.25
401,Chic,Gallaher,cgallaherb4@unesco.org,Male,147.195.212.204
402,Carly,Nowakowski,cnowakowskib5@about.me,Female,138.244.201.227
403,Jemimah,Rivel,jrivelb6@prnewswire.com,Female,170.129.1.55
404,Kerwinn,Matysiak,kmatysiakb7@odnoklassniki.ru,Polygender,43.120.56.162
405,Hal,Columbell,hcolumbellb8@odnoklassniki.ru,Male,60.80.162.239
406,Rosemary,Farnie,rfarnieb9@cdc.gov,Female,241.17.108.56
407,Gracie,Reilinger,greilingerba@vistaprint.com,Female,195.197.150.172
408,Hayyim,Kerfod,hkerfodbb@amazon.de,Male,185.96.165.114
409,Blanch,Pearl,bpearlbc@studiopress.com,Female,251.32.130.13
410,Arlyne,Tatum,atatumbd@stumbleupon.com,Female,23.109.163.190
411,Karoly,Winterburn,kwinterburnbe@bloomberg.com,Female,249.29.205.96
412,Moises,Batcheldor,mbatcheldorbf@ameblo.jp,Male,206.194.209.15
413,Marshall,Whetland,mwhetlandbg@comsenz.com,Male,214.70.75.190
414,Gail,Bicknell,gbicknellbh@arstechnica.com,Female,7.176.208.158
415,Marillin,Quinton,mquintonbi@guardian.co.uk,Female,27.170.120.252
416,Idelle,Shorrock,ishorrockbj@squidoo.com,Female,161.62.47.175
417,Veronike,Medcraft,vmedcraftbk@foxnews.com,Female,221.186.42.232
418,Dalila,Johannesson,djohannessonbl@delicious.com,Female,61.245.117.192
419,Brent,Land,blandbm@sakura.ne.jp,Male,210.95.192.146
420,Herbert,Naismith,hnaismithbn@whitehouse.gov,Male,247.156.97.171
421,Justinian,Abbs,jabbsbo@wikia.com,Male,198.5.252.82
422,Madlen,Henniger,mhennigerbp@wikispaces.com,Female,105.8.238.25
423,Meriel,Frany,mfranybq@t.co,Female,219.81.156.89
424,Garrard,Raddan,graddanbr@auda.org.au,Male,214.133.73.122
425,Enos,Graysmark,egraysmarkbs@businesswire.com,Male,147.102.49.187
426,Gabriello,Shayes,gshayesbt@spiegel.de,Male,246.68.140.2
427,Joaquin,Barton,jbartonbu@time.com,Male,69.215.221.239
428,Archambault,Strothers,astrothersbv@ustream.tv,Genderqueer,26.15.48.155
429,Doralynne,Souster,dsousterbw@hatena.ne.jp,Female,153.173.11.247
430,Kimberley,Kinson,kkinsonbx@un.org,Female,220.192.167.140
431,Glendon,Vedekhin,gvedekhinby@hc360.com,Male,42.27.137.158
432,Kristi,Cubley,kcubleybz@netvibes.com,Female,66.32.52.152
433,Flore,Ennion,fennionc0@altervista.org,Female,178.201.207.93
434,Jannelle,Seakes,jseakesc1@ocn.ne.jp,Female,45.196.130.38
435,Lancelot,Blackbrough,lblackbroughc2@biblegateway.com,Male,120.140.68.11
436,Stacy,Spurdon,sspurdonc3@qq.com,Male,57.163.13.60
437,Loreen,Fashion,lfashionc4@networkadvertising.org,Female,48.49.59.222
438,Chariot,Tressler,ctresslerc5@xrea.com,Male,65.41.90.120
439,Ewen,Culleford,ecullefordc6@typepad.com,Male,224.47.92.36
440,Farrell,Abrahami,fabrahamic7@spotify.com,Male,48.95.168.66
441,Sofie,Bakster,sbaksterc8@nifty.com,Female,238.158.170.106
442,Wendeline,Hoyle,whoylec9@globo.com,Female,93.167.0.41
443,Linn,Leades,lleadesca@squarespace.com,Female,107.184.105.89
444,Markos,Dugmore,mdugmorecb@gnu.org,Male,96.184.73.249
445,Lorenzo,Shurmore,lshurmorecc@odnoklassniki.ru,Male,1.85.210.35
446,Brooke,Seleway,bselewaycd@craigslist.org,Female,31.238.173.218
447,Benetta,Broscombe,bbroscombece@comsenz.com,Female,125.216.239.58
448,Daryl,Welland,dwellandcf@dedecms.com,Male,180.148.104.86
449,Karoly,Lanchberry,klanchberrycg@cbslocal.com,Non-binary,140.245.34.7
450,Alika,Cordie,acordiech@etsy.com,Female,14.72.233.202
451,Wright,Tippings,wtippingsci@aol.com,Male,136.72.166.71
452,Mallory,McCart,mmccartcj@wiley.com,Male,115.105.242.74
453,Aluino,Kinchington,akinchingtonck@scribd.com,Male,12.188.211.11
454,Dolph,Dockwray,ddockwraycl@google.ru,Male,228.180.99.159
455,Roxanna,Sarsons,rsarsonscm@fda.gov,Female,218.168.59.232
456,Sonny,Twohig,stwohigcn@pcworld.com,Female,86.84.39.187
457,Drucy,Crackel,dcrackelco@cam.ac.uk,Female,85.247.230.180
458,Conchita,Roddick,croddickcp@home.pl,Female,16.46.219.219
459,Neil,Nibley,nnibleycq@nbcnews.com,Male,31.249.60.49
460,Tripp,Corkel,tcorkelcr@clickbank.net,Male,160.87.64.107
461,Alphonse,Paybody,apaybodycs@parallels.com,Male,47.88.222.53
462,Loutitia,Lapthorn,llapthornct@miitbeian.gov.cn,Female,224.55.107.39
463,Alexandr,Deevey,adeeveycu@stanford.edu,Male,14.45.47.109
464,Robina,Kobiera,rkobieracv@opera.com,Female,207.5.157.10
465,Darla,Sallarie,dsallariecw@wikipedia.org,Female,48.62.240.244
466,Lian,Soanes,lsoanescx@theguardian.com,Female,67.46.99.17
467,Sherman,Le Bosse,slebossecy@earthlink.net,Male,227.196.225.36
468,Rolfe,Rahl,rrahlcz@yahoo.com,Male,7.184.94.196
469,Yevette,Kippie,ykippied0@geocities.com,Female,242.178.121.6
470,Tamra,Emery,temeryd1@godaddy.com,Female,167.232.59.28
471,Reid,Corington,rcoringtond2@prnewswire.com,Male,253.141.11.223
472,Juanita,Cranstone,jcranstoned3@va.gov,Female,124.131.252.203
473,Jerrie,Tollett,jtollettd4@answers.com,Female,18.254.92.122
474,Cord,Harvison,charvisond5@cyberchimps.com,Male,238.209.23.16
475,Giffie,Shegog,gshegogd6@unblog.fr,Male,129.7.79.185
476,Nelia,Ealden,nealdend7@google.co.uk,Female,27.82.110.145
477,Noby,Van den Velde,nvandenvelded8@hugedomains.com,Male,122.34.209.45
478,Sandye,Kleinsmuntz,skleinsmuntzd9@free.fr,Female,92.110.178.211
479,Mireille,O'Shea,mosheada@1688.com,Female,132.84.147.188
480,Marcelo,Bore,mboredb@trellian.com,Male,43.201.191.116
481,Ami,Osmint,aosmintdc@scientificamerican.com,Female,115.172.115.8
482,Harp,McNirlin,hmcnirlindd@indiatimes.com,Male,113.82.52.32
483,Hunfredo,Coulson,hcoulsonde@amazon.co.uk,Male,158.47.92.4
484,Jenn,Luker,jlukerdf@soup.io,Female,49.19.254.219
485,Diandra,Thorbon,dthorbondg@vinaora.com,Agender,1.211.20.27
486,Lucky,MacAlaster,lmacalasterdh@home.pl,Female,241.101.147.124
487,Cherilynn,Newart,cnewartdi@myspace.com,Female,103.89.183.52
488,Johnnie,Barsham,jbarshamdj@spotify.com,Male,64.86.76.31
489,Mikel,Pevsner,mpevsnerdk@elpais.com,Male,235.116.244.215
490,Joan,Van de Velde,jvandeveldedl@hugedomains.com,Female,205.136.22.246
491,Lin,Spridgen,lspridgendm@taobao.com,Male,154.30.42.155
492,Rowen,Cluley,rcluleydn@xing.com,Male,249.217.228.116
493,Goraud,Pinckney,gpinckneydo@i2i.jp,Male,212.13.234.249
494,Brianna,Cappleman,bcapplemandp@ucla.edu,Female,117.128.234.166
495,Philippine,Ratledge,pratledgedq@bizjournals.com,Female,166.13.226.73
496,Reuven,Houlridge,rhoulridgedr@google.ca,Male,86.37.135.244
497,Itch,Ciani,icianids@reuters.com,Agender,134.210.224.253
498,Price,Gallaway,pgallawaydt@photobucket.com,Male,105.165.199.9
499,Zitella,Huffey,zhuffeydu@domainmarket.com,Female,129.250.4.223
500,Danyette,McTeague,dmcteaguedv@mayoclinic.com,Female,24.52.11.253
501,Niel,Jorczyk,njorczykdw@arizona.edu,Male,165.109.146.63
502,Tracy,Jordine,tjordinedx@csmonitor.com,Male,116.62.168.232
503,Junia,Micka,jmickady@jiathis.com,Female,75.196.108.123
504,Katlin,Surtees,ksurteesdz@cargocollective.com,Female,151.11.243.3
505,Alidia,Woodrup,awoodrupe0@infoseek.co.jp,Female,71.25.232.239
506,Glenda,Abbott,gabbotte1@dion.ne.jp,Female,189.22.17.84
507,Zena,Tweddell,ztweddelle2@parallels.com,Non-binary,227.94.194.139
508,Marlo,Le Brun,mlebrune3@cargocollective.com,Male,207.25.122.20
509,Marina,Iacovone,miacovonee4@cargocollective.com,Female,185.232.104.139
510,Abbey,Hazelby,ahazelbye5@delicious.com,Female,249.187.30.181
511,Ernst,MacGlory,emacglorye6@sciencedirect.com,Male,112.223.194.225
512,Allianora,Stairs,astairse7@economist.com,Agender,53.23.209.239
513,Davin,Pitkaithly,dpitkaithlye8@csmonitor.com,Male,254.141.207.9
514,Claudina,Crush,ccrushe9@shareasale.com,Female,82.131.178.245
515,Clem,Dummigan,cdummiganea@fema.gov,Female,34.88.130.13
516,Rawley,Strickler,rstricklereb@wordpress.com,Male,245.230.52.38
517,Darcie,Krinks,dkrinksec@usa.gov,Female,118.217.156.195
518,Jaimie,Cammacke,jcammackeed@marketwatch.com,Male,121.26.103.75
519,Malena,Gumm,mgummee@paypal.com,Female,214.43.72.78
520,Padget,Rozalski,prozalskief@boston.com,Male,157.223.39.10
521,Arte,Cammock,acammockeg@arstechnica.com,Agender,16.63.178.149
522,Lezley,Opy,lopyeh@youtu.be,Male,73.180.63.215
523,Thalia,Scraney,tscraneyei@wikimedia.org,Female,193.11.237.144
524,Orelia,Philipsson,ophilipssonej@statcounter.com,Female,46.163.150.192
525,Barbie,Jakucewicz,bjakucewiczek@unicef.org,Female,114.6.161.67
526,Kenton,Crab,kcrabel@edublogs.org,Male,217.251.38.109
527,Skylar,Kelk,skelkem@google.co.uk,Male,105.49.137.13
528,Berkley,Plett,bpletten@hibu.com,Male,110.14.7.152
529,Maud,Pesticcio,mpesticcioeo@ihg.com,Female,221.238.224.238
530,Layton,Larmuth,llarmuthep@sfgate.com,Male,91.251.125.187
531,Berty,Frain,bfraineq@exblog.jp,Polygender,69.165.151.169
532,Faustine,Biagini,fbiaginier@yellowbook.com,Female,92.8.221.96
533,Ramon,Pechan,rpechanes@meetup.com,Male,8.236.248.94
534,Gladys,MacLaig,gmaclaiget@fc2.com,Female,51.150.11.234
535,Tremayne,Featherstone,tfeatherstoneeu@youtube.com,Male,198.248.154.66
536,Dulce,Jordanson,djordansonev@marriott.com,Female,49.236.216.158
537,Patrizia,Ferrige,pferrigeew@ucoz.com,Female,194.172.206.102
538,Sallyann,Sharrem,ssharremex@csmonitor.com,Female,83.10.250.41
539,Norri,Diess,ndiessey@alexa.com,Female,152.212.150.57
540,Fidel,Osburn,fosburnez@arizona.edu,Male,210.129.152.112
541,Erhart,Kruger,ekrugerf0@discovery.com,Male,49.166.147.198
542,Garek,Rheam,grheamf1@weebly.com,Polygender,254.226.183.11
543,Adams,Kinsett,akinsettf2@fc2.com,Male,181.129.157.251
544,Charlene,Franek,cfranekf3@gnu.org,Female,3.81.148.239
545,Sinclair,Treen,streenf4@eventbrite.com,Male,44.62.252.170
546,Hilda,Motto,hmottof5@list-manage.com,Polygender,201.187.21.245
547,Shirlene,McCooke,smccookef6@so-net.ne.jp,Female,175.88.21.89
548,Zita,Mariaud,zmariaudf7@google.ru,Female,176.72.41.50
549,Ellynn,Madgett,emadgettf8@scientificamerican.com,Female,42.64.65.9
550,Belicia,Sedge,bsedgef9@fda.gov,Female,230.174.96.104
551,Jewel,Rustedge,jrustedgefa@ibm.com,Polygender,192.210.240.203
552,Pierson,Licciardiello,plicciardiellofb@reuters.com,Male,253.212.48.62
553,Chiarra,Bramsom,cbramsomfc@xing.com,Female,203.53.132.252
554,Rudie,Rowth,rrowthfd@economist.com,Male,198.161.234.202
555,Markus,Starrs,mstarrsfe@ted.com,Male,189.249.37.119
556,Sully,Le Quesne,slequesneff@phoca.cz,Genderfluid,158.117.22.152
557,Lura,Attawell,lattawellfg@craigslist.org,Female,64.241.37.103
558,Ami,Athy,aathyfh@msu.edu,Female,182.15.155.133
559,Louisette,Willment,lwillmentfi@youtu.be,Female,165.70.56.55
560,Ennis,Dibdale,edibdalefj@nih.gov,Male,180.75.35.106
561,Eberhard,Halbert,ehalbertfk@statcounter.com,Male,194.157.134.239
562,Thalia,Cowle,tcowlefl@nhs.uk,Female,251.153.35.189
563,Jacqui,Dumpleton,jdumpletonfm@unblog.fr,Female,5.146.86.54
564,Umberto,Feltham,ufelthamfn@wunderground.com,Male,59.210.78.246
565,Hussein,Kippling,hkipplingfo@geocities.com,Male,148.244.228.240
566,Judi,Bartram,jbartramfp@toplist.cz,Female,165.169.179.127
567,Sherm,Merrell,smerrellfq@yahoo.com,Male,144.60.203.114
568,Florella,Aldins,faldinsfr@unesco.org,Agender,51.165.120.25
569,Didi,Button,dbuttonfs@people.com.cn,Female,30.218.244.109
570,Hugo,Raulston,hraulstonft@ucla.edu,Male,24.84.241.234
571,Callean,Treves,ctrevesfu@hp.com,Male,29.237.191.34
572,Helen-elizabeth,Canada,hcanadafv@blog.com,Bigender,162.83.86.231
573,Flinn,Abbatini,fabbatinifw@cmu.edu,Male,54.131.191.171
574,Starla,Chazerand,schazerandfx@engadget.com,Female,31.141.70.144
575,Kaspar,Boyle,kboylefy@clickbank.net,Male,180.82.43.81
576,Aleece,Fidell,afidellfz@ucsd.edu,Female,94.195.23.21
577,Orville,McQuillen,omcquilleng0@1688.com,Bigender,123.164.239.53
578,Edy,Cicci,eciccig1@economist.com,Female,210.198.231.191
579,Loleta,Maharg,lmahargg2@reddit.com,Female,30.199.198.171
580,Ezra,Nottingham,enottinghamg3@blogger.com,Male,201.179.182.205
581,Leonidas,Readie,lreadieg4@uiuc.edu,Male,79.41.80.180
582,Johan,Grafham,jgrafhamg5@jiathis.com,Male,121.22.102.177
583,Lee,Weond,lweondg6@deliciousdays.com,Female,212.0.156.106
584,Saw,Tadgell,stadgellg7@list-manage.com,Male,220.24.199.187
585,Damaris,Boman,dbomang8@free.fr,Agender,181.9.170.111
586,Ginelle,Balmadier,gbalmadierg9@sphinn.com,Female,117.143.94.11
587,Nathalia,Siverns,nsivernsga@addthis.com,Female,204.202.5.109
588,Polly,Innocent,pinnocentgb@walmart.com,Female,245.15.141.112
589,Cornelius,Franceschi,cfranceschigc@a8.net,Male,183.76.148.141
590,Adda,Rockey,arockeygd@rambler.ru,Female,130.101.161.110
591,Pall,Lees,pleesge@seesaa.net,Male,15.7.23.116
592,Olin,Colisbe,ocolisbegf@clickbank.net,Male,165.74.6.183
593,Adam,Cafferky,acafferkygg@msu.edu,Male,142.159.187.31
594,Marty,Feechan,mfeechangh@cnet.com,Female,191.239.135.33
595,Bride,Tedahl,btedahlgi@drupal.org,Female,254.154.113.195
596,Bay,Benettolo,bbenettologj@gravatar.com,Male,142.195.110.136
597,Jakob,Peploe,jpeploegk@yolasite.com,Male,184.248.141.253
598,Weston,Senussi,wsenussigl@adobe.com,Male,152.22.74.24
599,Fiona,Upstell,fupstellgm@free.fr,Female,101.15.145.17
600,Michele,Ballinghall,mballinghallgn@nsw.gov.au,Male,236.224.209.198
601,Ursala,MacAllaster,umacallastergo@archive.org,Female,92.109.229.109
602,Cilka,Tabourier,ctabouriergp@jigsy.com,Female,251.90.184.28
603,Trish,Shillito,tshillitogq@latimes.com,Female,129.139.129.244
604,Jolene,Votier,jvotiergr@hatena.ne.jp,Female,209.202.50.172
605,Titus,Neaverson,tneaversongs@rambler.ru,Male,81.160.89.172
606,Kathryn,Benzing,kbenzinggt@hc360.com,Female,158.36.45.113
607,Montgomery,Danelutti,mdaneluttigu@macromedia.com,Male,177.85.166.240
608,Saundra,Souttar,ssouttargv@amazon.co.uk,Female,83.209.195.234
609,Taddeusz,Haynes,thaynesgw@usda.gov,Male,221.252.98.198
610,Estella,Epinoy,eepinoygx@google.de,Female,218.92.79.74
611,Cecil,Anchor,canchorgy@goo.gl,Male,47.97.28.194
612,Findley,Fatkin,ffatkingz@nymag.com,Male,64.85.119.7
613,Gertruda,Galliford,ggallifordh0@51.la,Female,0.4.75.182
614,Nico,Swedeland,nswedelandh1@kickstarter.com,Male,103.60.49.186
615,Alina,Ucchino,aucchinoh2@hao123.com,Bigender,17.98.199.167
616,Demetra,Salomon,dsalomonh3@aboutads.info,Female,177.63.197.202
617,Margette,Harling,mharlingh4@wikia.com,Female,77.77.193.0
618,Opaline,Marsland,omarslandh5@engadget.com,Female,44.97.56.162
619,Leon,Lavies,llaviesh6@telegraph.co.uk,Male,193.151.143.83
620,Marcelia,Gaunt,mgaunth7@opera.com,Female,25.20.27.143
621,Aleta,Tolotti,atolottih8@shop-pro.jp,Female,38.90.59.173
622,Antin,Oosthout de Vree,aoosthoutdevreeh9@mozilla.org,Male,185.115.179.193
623,Massimiliano,Clemetts,mclemettsha@123-reg.co.uk,Male,140.38.183.138
624,Florentia,Utridge,futridgehb@ucla.edu,Genderfluid,0.5.172.185
625,Baxter,Clougher,bclougherhc@npr.org,Male,50.226.108.39
626,Nappie,Payle,npaylehd@jiathis.com,Male,95.90.101.64
627,Juditha,Sutherby,jsutherbyhe@boston.com,Female,156.223.253.244
628,Gal,Bonnar,gbonnarhf@phoca.cz,Male,254.161.231.151
629,Elysia,Hales,ehaleshg@alibaba.com,Female,155.236.64.241
630,Rafferty,Timothy,rtimothyhh@blog.com,Male,11.249.97.237
631,Linnie,Tewkesberrie,ltewkesberriehi@cisco.com,Female,13.192.136.78
632,Maritsa,Grelka,mgrelkahj@reference.com,Female,252.56.239.234
633,Samaria,Mooney,smooneyhk@miibeian.gov.cn,Female,80.156.89.174
634,Margareta,Antao,mantaohl@nature.com,Female,196.211.85.108
635,Darrelle,Rabbe,drabbehm@godaddy.com,Female,239.50.38.206
636,Marc,McLoughlin,mmcloughlinhn@shop-pro.jp,Male,116.78.148.68
637,Jennette,Trillow,jtrillowho@is.gd,Female,197.25.212.209
638,Miof mela,McRannell,mmcrannellhp@bloomberg.com,Genderqueer,8.64.145.34
639,Dallas,Pincott,dpincotthq@aboutads.info,Female,86.59.125.177
640,Bjorn,Dinnington,bdinningtonhr@webeden.co.uk,Male,168.24.221.191
641,Robert,Gelletly,rgelletlyhs@ibm.com,Male,165.103.62.142
642,Mendie,Mallord,mmallordht@globo.com,Male,165.146.195.105
643,Hayden,Budnk,hbudnkhu@twitter.com,Genderfluid,56.74.3.190
644,Lief,Devanny,ldevannyhv@illinois.edu,Male,116.12.21.216
645,Lydie,Tatam,ltatamhw@studiopress.com,Bigender,201.139.22.134
646,Sheff,Chevin,schevinhx@sourceforge.net,Male,131.189.117.188
647,Gilbertina,Haughton,ghaughtonhy@cmu.edu,Female,149.127.19.40
648,Jay,Cain,jcainhz@drupal.org,Male,161.216.3.11
649,Daryle,Sparry,dsparryi0@sfgate.com,Male,15.107.228.69
650,Ashlie,Clawson,aclawsoni1@smh.com.au,Female,88.124.67.118
651,Guthrie,Laker,glakeri2@g.co,Male,192.12.83.197
652,Rinaldo,Barus,rbarusi3@cnbc.com,Bigender,188.17.148.126
653,Kaylil,Dullard,kdullardi4@elegantthemes.com,Female,111.248.79.72
654,Stefan,Petrichat,spetrichati5@mtv.com,Male,224.38.53.113
655,Aldrich,Main,amaini6@japanpost.jp,Male,35.28.244.187
656,Alfy,Twycross,atwycrossi7@mozilla.org,Female,46.207.184.155
657,Faunie,Wickendon,fwickendoni8@flickr.com,Genderfluid,186.24.206.197
658,Nial,Hanhardt,nhanhardti9@telegraph.co.uk,Male,145.118.209.228
659,Chip,Turnell,cturnellia@typepad.com,Male,118.95.10.193
660,Alasteir,Janton,ajantonib@g.co,Male,146.16.209.47
661,Aura,Cambridge,acambridgeic@w3.org,Female,196.20.63.176
662,Madeleine,Dobrowolny,mdobrowolnyid@illinois.edu,Genderqueer,61.83.78.52
663,Danya,Shyres,dshyresie@marketwatch.com,Agender,99.153.5.11
664,Erika,Kitchenside,ekitchensideif@wisc.edu,Female,100.50.141.143
665,Rudolph,Baxter,rbaxterig@miitbeian.gov.cn,Male,213.79.165.117
666,Isidoro,Schimek,ischimekih@sciencedirect.com,Male,0.161.215.107
667,Monro,Dawkes,mdawkesii@eventbrite.com,Male,107.86.5.79
668,Leslie,Prendeville,lprendevilleij@smugmug.com,Male,128.199.66.248
669,Corene,Oag,coagik@biglobe.ne.jp,Female,189.243.212.191
670,Esmeralda,Bourley,ebourleyil@geocities.jp,Bigender,198.102.122.145
671,Matelda,Meddemmen,mmeddemmenim@craigslist.org,Bigender,221.167.205.217
672,Windham,Clousley,wclousleyin@bbb.org,Male,186.71.17.27
673,Paige,Skryne,pskryneio@devhub.com,Male,245.213.28.174
674,Charo,Keig,ckeigip@archive.org,Female,39.108.135.201
675,Aurthur,Whapham,awhaphamiq@barnesandnoble.com,Male,98.93.214.195
676,Celeste,Hakonsson,chakonssonir@umn.edu,Female,167.36.161.59
677,Merv,Pury,mpuryis@abc.net.au,Male,165.213.108.212
678,Juanita,Torrans,jtorransit@howstuffworks.com,Female,54.136.209.73
679,Kermit,Iohananof,kiohananofiu@parallels.com,Male,212.165.150.28
680,Karalee,Ranklin,krankliniv@so-net.ne.jp,Female,216.251.140.159
681,Junette,Wilcox,jwilcoxiw@unesco.org,Female,46.240.99.61
682,Gail,Emett,gemettix@amazonaws.com,Female,140.142.52.128
683,Hinze,Donnelly,hdonnellyiy@macromedia.com,Male,210.96.86.184
684,Fifine,Sweedland,fsweedlandiz@delicious.com,Bigender,152.28.105.86
685,Emmi,Crossby,ecrossbyj0@sun.com,Female,233.23.135.20
686,Prentiss,Ruston,prustonj1@sakura.ne.jp,Male,72.175.201.77
687,Pamelina,Lawman,plawmanj2@ehow.com,Female,113.109.139.243
688,Maggie,McIlvaney,mmcilvaneyj3@nhs.uk,Female,248.61.111.68
689,Zola,Loudon,zloudonj4@shareasale.com,Female,114.210.74.251
690,Sibbie,Perche,sperchej5@mtv.com,Female,153.4.30.108
691,Nicko,Dronsfield,ndronsfieldj6@prweb.com,Non-binary,198.184.218.117
692,Clare,Greedier,cgreedierj7@accuweather.com,Female,66.255.25.186
693,Chadd,Bristo,cbristoj8@blogs.com,Male,48.78.76.7
694,Fabien,Statter,fstatterj9@youtu.be,Male,55.8.207.19
695,Giraldo,Doubleday,gdoubledayja@ucla.edu,Male,143.173.14.159
696,Clement,Outright,coutrightjb@tmall.com,Male,86.215.73.46
697,Debbie,Oslar,doslarjc@mayoclinic.com,Female,1.43.139.4
698,Caresa,Sproson,csprosonjd@delicious.com,Female,41.16.34.9
699,Pascale,De Filippo,pdefilippoje@wp.com,Male,142.157.223.80
700,Patrice,Stiller,pstillerjf@github.com,Male,244.68.221.32
701,Kaela,Lowell,klowelljg@youtube.com,Genderfluid,158.57.103.204
702,Rica,Darko,rdarkojh@hhs.gov,Female,231.141.38.255
703,Murry,Denyakin,mdenyakinji@taobao.com,Male,163.52.38.122
704,Kimbra,Count,kcountjj@irs.gov,Female,121.135.0.224
705,L;urette,Artrick,lartrickjk@amazon.com,Genderqueer,140.80.38.244
706,Buck,Whaites,bwhaitesjl@hugedomains.com,Male,58.56.124.32
707,Shawnee,Maffezzoli,smaffezzolijm@ycombinator.com,Female,233.158.173.149
708,Ann,Lefeuvre,alefeuvrejn@skype.com,Female,124.70.128.255
709,Janeczka,Durrans,jdurransjo@cyberchimps.com,Female,175.74.23.167
710,Mirabella,McGraith,mmcgraithjp@purevolume.com,Female,46.31.215.230
711,Woodman,Jeromson,wjeromsonjq@va.gov,Male,25.222.219.200
712,Row,Southerden,rsoutherdenjr@is.gd,Female,54.113.158.133
713,Tonya,Reek,treekjs@bloomberg.com,Female,113.70.182.26
714,King,Guiot,kguiotjt@wordpress.com,Male,153.213.253.45
715,Babette,Du Plantier,bduplantierju@opensource.org,Female,156.101.202.117
716,Nicolle,Sutterby,nsutterbyjv@jiathis.com,Female,93.27.240.199
717,Alano,Lettington,alettingtonjw@ox.ac.uk,Male,78.112.175.149
718,Kendal,Burge,kburgejx@wikipedia.org,Male,52.36.189.141
719,Gale,Congrave,gcongravejy@multiply.com,Male,226.229.106.253
720,Avram,Coye,acoyejz@soup.io,Bigender,188.41.100.104
721,Giacinta,Caveau,gcaveauk0@statcounter.com,Female,54.219.123.116
722,Fernandina,Calway,fcalwayk1@devhub.com,Agender,175.129.205.151
723,Rollin,Biaggetti,rbiaggettik2@4shared.com,Polygender,66.134.47.120
724,Michaela,Hovenden,mhovendenk3@163.com,Bigender,70.177.131.28
725,Bennie,Kember,bkemberk4@webs.com,Male,51.181.189.131
726,Waneta,Estabrook,westabrookk5@i2i.jp,Female,50.28.62.241
727,Brandy,Hamshaw,bhamshawk6@statcounter.com,Female,85.175.59.180
728,Redford,Paylor,rpaylork7@hugedomains.com,Male,79.18.51.86
729,Brianna,Grogono,bgrogonok8@alexa.com,Female,219.73.182.33
730,Paulie,Dudenie,pdudeniek9@over-blog.com,Male,198.218.3.68
731,Gerrilee,Order,gorderka@wix.com,Female,215.94.153.113
732,Vail,O'Grada,vogradakb@ning.com,Male,180.84.252.164
733,Orrin,Mullally,omullallykc@hc360.com,Male,95.240.174.170
734,Lynn,Kornilyev,lkornilyevkd@businesswire.com,Male,36.159.106.202
735,Kore,Giacomazzo,kgiacomazzoke@youku.com,Female,20.110.186.228
736,Nonnah,Jiggle,njigglekf@oaic.gov.au,Female,208.246.240.6
737,Jackie,Schankel,jschankelkg@printfriendly.com,Female,25.104.226.183
738,Richmound,Petyankin,rpetyankinkh@e-recht24.de,Male,235.0.57.9
739,Darb,Neve,dneveki@jiathis.com,Female,133.160.3.58
740,Niko,O' Hanvey,nohanveykj@fc2.com,Male,21.73.144.33
741,Inness,Neles,ineleskk@ning.com,Male,15.188.170.231
742,Trev,Eicheler,teichelerkl@accuweather.com,Male,1.14.143.15
743,Chantal,Bricksey,cbrickseykm@nymag.com,Female,39.4.117.78
744,Vinnie,Guillond,vguillondkn@google.com.br,Male,2.8.26.248
745,Valina,Goodlake,vgoodlakeko@narod.ru,Female,233.32.207.43
746,Samuele,Jakeman,sjakemankp@vk.com,Male,132.54.42.108
747,Aimil,Claesens,aclaesenskq@delicious.com,Female,186.213.237.44
748,Sherlock,Burghall,sburghallkr@lulu.com,Male,8.172.233.47
749,Kati,O'Driscoll,kodriscollks@kickstarter.com,Female,2.43.226.103
750,Maxine,Duckhouse,mduckhousekt@yahoo.co.jp,Female,203.223.35.30
751,Doe,Behninck,dbehninckku@japanpost.jp,Female,181.29.102.207
752,Jonis,Sollon,jsollonkv@reddit.com,Female,183.48.80.14
753,Jessie,Mildmott,jmildmottkw@typepad.com,Male,76.127.65.186
754,Debi,Adshede,dadshedekx@youku.com,Female,122.69.29.122
755,Hinze,Beggio,hbeggioky@cdbaby.com,Male,151.66.155.157
756,Teresina,Cordeiro,tcordeirokz@google.co.jp,Female,24.3.103.22
757,Emily,Connors,econnorsl0@nasa.gov,Female,234.131.255.233
758,Vasily,Tough,vtoughl1@fda.gov,Male,127.165.184.146
759,Anastasie,Tidy,atidyl2@wikipedia.org,Female,148.186.170.36
760,Mic,Pick,mpickl3@lycos.com,Male,62.16.18.82
761,Lory,La Batie,llabatiel4@mozilla.org,Female,70.61.134.22
762,Lanita,Shorton,lshortonl5@jalbum.net,Female,121.71.48.38
763,Edita,Pragnall,epragnalll6@dion.ne.jp,Female,97.52.110.46
764,Cosmo,Catterall,ccatteralll7@hatena.ne.jp,Male,220.23.4.250
765,Joni,Hutcheon,jhutcheonl8@deliciousdays.com,Female,113.239.235.50
766,Lucila,Raoul,lraoull9@tuttocitta.it,Female,84.192.93.73
767,Doralynn,Vannoort,dvannoortla@hp.com,Female,122.68.142.88
768,Francklin,Yaneev,fyaneevlb@csmonitor.com,Male,6.70.217.184
769,Dex,Spellar,dspellarlc@yale.edu,Male,181.87.133.45
770,Marget,Witul,mwitulld@bloomberg.com,Female,3.23.154.11
771,Ricca,Kelloch,rkellochle@bloglines.com,Female,151.168.91.146
772,Stacy,Ellwand,sellwandlf@so-net.ne.jp,Male,131.63.53.30
773,Bobbi,Davidesco,bdavidescolg@accuweather.com,Female,51.206.140.73
774,Gerrilee,Candlin,gcandlinlh@home.pl,Female,189.196.231.85
775,Haslett,Beri,hberili@dion.ne.jp,Male,231.153.254.71
776,Jobie,Eyeington,jeyeingtonlj@businessinsider.com,Female,63.225.72.91
777,Orelle,Gussin,ogussinlk@amazonaws.com,Polygender,132.98.171.200
778,Flory,Aldiss,faldissll@cloudflare.com,Female,159.66.23.107
779,Mair,Maisey,mmaiseylm@chronoengine.com,Female,57.208.189.211
780,Harris,Beardsdale,hbeardsdaleln@google.com.au,Male,8.105.168.12
781,Daphene,Steptoe,dsteptoelo@prlog.org,Female,109.236.6.215
782,Candi,Beadham,cbeadhamlp@issuu.com,Female,204.199.106.25
783,Brandice,Copcote,bcopcotelq@e-recht24.de,Female,35.5.40.191
784,Tally,Guyan,tguyanlr@nationalgeographic.com,Female,39.231.249.75
785,Pauletta,Hair,phairls@angelfire.com,Female,174.113.192.66
786,Harmon,Brameld,hbrameldlt@lulu.com,Male,43.186.127.70
787,Gwyn,Hostan,ghostanlu@bloglovin.com,Female,13.153.35.183
788,Jessey,Wagge,jwaggelv@edublogs.org,Male,55.126.1.109
789,Fidel,Garrard,fgarrardlw@mozilla.com,Male,12.97.234.71
790,Cosetta,Sarfat,csarfatlx@apple.com,Female,184.111.19.143
791,Osbert,Gilleson,ogillesonly@over-blog.com,Male,157.169.127.34
792,Tarrance,Dewane,tdewanelz@odnoklassniki.ru,Male,119.188.72.203
793,Tiffie,Ertel,tertelm0@cdbaby.com,Female,165.164.220.22
794,Ashby,Lewens,alewensm1@furl.net,Polygender,185.7.218.140
795,Jolene,Hirsthouse,jhirsthousem2@people.com.cn,Female,94.117.188.99
796,Fancie,Watchorn,fwatchornm3@usatoday.com,Female,26.61.199.108
797,Walsh,Du Barry,wdubarrym4@google.ru,Male,169.142.250.198
798,Tabitha,Petrashov,tpetrashovm5@studiopress.com,Female,191.96.27.193
799,Eli,Knaggs,eknaggsm6@zimbio.com,Male,146.6.239.195
800,Abner,Autry,aautrym7@gravatar.com,Male,214.105.11.214
801,Laura,Fraczkiewicz,lfraczkiewiczm8@wunderground.com,Female,59.82.174.173
802,Sonja,Blyde,sblydem9@illinois.edu,Female,87.92.239.4
803,Gloriane,Gillivrie,ggillivriema@yale.edu,Female,159.52.152.145
804,Binni,Wallbutton,bwallbuttonmb@issuu.com,Female,16.232.169.242
805,Bev,Lipmann,blipmannmc@usa.gov,Male,105.140.133.48
806,Ingaberg,Doppler,idopplermd@telegraph.co.uk,Female,241.187.23.195
807,Stephie,Gronowe,sgronoweme@nymag.com,Female,97.249.220.125
808,Bordie,Piggford,bpiggfordmf@macromedia.com,Male,10.87.71.209
809,Shana,Albany,salbanymg@google.es,Genderqueer,124.21.179.58
810,Ainslie,Elvin,aelvinmh@sfgate.com,Female,89.243.245.152
811,Haslett,Pele,hpelemi@reuters.com,Male,98.66.254.160
812,Ky,Syers,ksyersmj@mayoclinic.com,Male,211.150.148.154
813,Baxter,Glendinning,bglendinningmk@clickbank.net,Male,254.194.19.250
814,Muffin,Kibbel,mkibbelml@dion.ne.jp,Female,179.104.70.87
815,Penny,Skilton,pskiltonmm@odnoklassniki.ru,Male,134.27.250.37
816,Audry,Flack,aflackmn@goo.ne.jp,Female,135.186.85.173
817,Valera,Goldes,vgoldesmo@ed.gov,Female,105.135.96.28
818,Anne-marie,Hartup,ahartupmp@state.tx.us,Female,137.209.33.208
819,Obie,Tschirschky,otschirschkymq@shutterfly.com,Male,40.184.82.219
820,Moll,Lamzed,mlamzedmr@addtoany.com,Female,206.106.69.27
821,Rooney,Towse,rtowsems@google.com,Male,252.207.154.172
822,Shandie,Chiswell,schiswellmt@dell.com,Female,6.50.240.155
823,Gerri,De Mico,gdemicomu@businessinsider.com,Male,249.96.146.183
824,Bryan,Pettingill,bpettingillmv@elpais.com,Male,163.50.234.199
825,Francyne,Le Pine,flepinemw@flickr.com,Female,153.159.61.45
826,Anatole,Hebden,ahebdenmx@bloglovin.com,Male,123.109.232.133
827,Cilka,Klasing,cklasingmy@miibeian.gov.cn,Female,156.44.241.29
828,Pauly,Goldsbrough,pgoldsbroughmz@discuz.net,Agender,18.32.174.31
829,Tamma,Sandars,tsandarsn0@parallels.com,Female,230.42.235.50
830,Alva,Ordelt,aordeltn1@meetup.com,Male,151.90.163.220
831,De,Yegorchenkov,dyegorchenkovn2@diigo.com,Female,82.238.149.50
832,Emalia,Stares,estaresn3@hibu.com,Female,137.228.222.255
833,Stan,Janaszkiewicz,sjanaszkiewiczn4@arizona.edu,Male,253.239.145.1
834,Emerson,Goard,egoardn5@meetup.com,Male,8.30.51.151
835,Elisabet,Filippi,efilippin6@wunderground.com,Female,79.176.25.196
836,Any,Songist,asongistn7@reuters.com,Male,83.246.143.146
837,Sander,Witherop,switheropn8@alibaba.com,Male,184.136.76.248
838,Cecil,Wandrach,cwandrachn9@exblog.jp,Genderfluid,153.168.113.167
839,Cilka,Rannigan,cranniganna@tinyurl.com,Female,87.199.232.141
840,Leslie,Folca,lfolcanb@cnbc.com,Male,109.90.23.153
841,Thorvald,Aldin,taldinnc@goo.gl,Male,138.170.97.211
842,Fremont,Giacubo,fgiacubond@nationalgeographic.com,Male,221.205.52.24
843,Leeland,Swinn,lswinnne@weather.com,Male,213.49.234.43
844,Ania,Shobbrook,ashobbrooknf@nasa.gov,Female,40.43.252.242
845,Kiele,Asif,kasifng@xinhuanet.com,Female,162.71.97.17
846,Carry,Gingel,cgingelnh@sohu.com,Female,137.32.205.163
847,Kennith,Ninotti,kninottini@123-reg.co.uk,Male,70.252.10.232
848,Blondell,Caps,bcapsnj@bizjournals.com,Female,127.51.170.70
849,Hermie,Lazarus,hlazarusnk@people.com.cn,Male,69.122.131.185
850,Faustine,Larmet,flarmetnl@dailymail.co.uk,Female,70.199.149.24
851,Uta,Cancutt,ucancuttnm@answers.com,Female,118.84.18.169
852,Brigitta,Ribchester,bribchesternn@java.com,Female,185.45.141.75
853,Kenon,McConnell,kmcconnellno@dailymotion.com,Male,155.57.220.47
854,Valentia,Mulran,vmulrannp@bloglines.com,Genderfluid,186.156.210.168
855,Averill,Lebbern,alebbernnq@123-reg.co.uk,Male,109.39.71.121
856,Deck,McIvor,dmcivornr@google.ca,Male,18.32.228.46
857,Erroll,Monteith,emonteithns@shinystat.com,Male,79.135.250.67
858,Malcolm,Carryer,mcarryernt@behance.net,Male,192.122.238.154
859,Frederique,Leirmonth,fleirmonthnu@loc.gov,Female,78.73.80.6
860,Reinold,Mougel,rmougelnv@nyu.edu,Male,18.121.119.142
861,Gussy,McKnockiter,gmcknockiternw@edublogs.org,Female,184.84.137.110
862,Melessa,Snawdon,msnawdonnx@unc.edu,Agender,80.183.56.32
863,Panchito,Talmadge,ptalmadgeny@dedecms.com,Male,52.250.72.3
864,Chad,Karpov,ckarpovnz@istockphoto.com,Female,103.156.93.28
865,Jere,Woollard,jwoollardo0@com.com,Male,251.97.203.189
866,Delano,Haquin,dhaquino1@twitpic.com,Male,46.35.103.212
867,Fidela,Paynter,fpayntero2@weebly.com,Female,114.139.118.117
868,Ethelin,Gilli,egillio3@pen.io,Female,211.16.99.17
869,Carri,Dishmon,cdishmono4@csmonitor.com,Female,130.73.51.85
870,Shaylynn,Galfour,sgalfouro5@hatena.ne.jp,Female,135.57.128.192
871,Lucy,Grumley,lgrumleyo6@freewebs.com,Female,30.47.109.65
872,Richardo,Prandin,rprandino7@qq.com,Genderfluid,148.180.78.139
873,Carilyn,Shave,cshaveo8@purevolume.com,Female,105.117.37.156
874,Max,Tuminini,mtumininio9@aboutads.info,Genderfluid,198.119.138.100
875,Marlon,Beddon,mbeddonoa@wisc.edu,Genderqueer,154.30.25.66
876,Cassie,Spinozzi,cspinozziob@discovery.com,Male,27.217.146.24
877,Melamie,Guerreiro,mguerreirooc@furl.net,Female,215.176.143.244
878,Thor,Macourek,tmacourekod@comcast.net,Male,220.53.32.198
879,Blondell,Paulon,bpaulonoe@buzzfeed.com,Genderfluid,218.135.144.149
880,Kerrill,Goldsack,kgoldsackof@wikispaces.com,Female,57.66.224.197
881,Kenton,Scupham,kscuphamog@yellowpages.com,Male,255.137.110.38
882,Leland,Pikesley,lpikesleyoh@dedecms.com,Male,131.244.6.213
883,Sheila-kathryn,Lansberry,slansberryoi@liveinternet.ru,Female,69.241.101.244
884,Nicolea,Wittering,nwitteringoj@cdbaby.com,Female,138.228.37.88
885,Harlan,Larive,hlariveok@census.gov,Male,110.27.86.178
886,Patrick,Muslim,pmuslimol@statcounter.com,Male,238.75.167.143
887,Ethyl,Nerval,enervalom@wsj.com,Female,178.127.62.144
888,Goldia,Hopewell,ghopewellon@google.cn,Female,133.118.6.10
889,Beatrisa,Edbrooke,bedbrookeoo@nsw.gov.au,Female,54.24.238.247
890,Benetta,Jesper,bjesperop@washingtonpost.com,Female,90.28.255.12
891,Alair,Lovelady,aloveladyoq@noaa.gov,Male,6.90.84.116
892,Keelia,Pundy,kpundyor@webmd.com,Female,117.76.108.211
893,Lorin,Boon,lboonos@prlog.org,Male,195.31.193.135
894,Adela,Shackelton,ashackeltonot@people.com.cn,Female,96.184.58.140
895,Kayla,Finby,kfinbyou@psu.edu,Female,237.162.72.235
896,Lonny,Schapero,lschaperoov@upenn.edu,Genderfluid,72.194.10.71
897,Camella,Hourahan,chourahanow@opensource.org,Female,127.84.79.200
898,Giuseppe,Kynett,gkynettox@angelfire.com,Male,10.178.210.112
899,Nicol,Ennew,nennewoy@goo.ne.jp,Female,170.201.177.28
900,Yorgo,Nial,ynialoz@bravesites.com,Male,127.228.21.119
901,Grantham,Sharpless,gsharplessp0@wikispaces.com,Male,27.55.71.186
902,Sharyl,Kevane,skevanep1@wikimedia.org,Female,180.241.128.113
903,Rosetta,Tugwell,rtugwellp2@amazonaws.com,Female,181.18.64.162
904,Josie,Mallall,jmallallp3@army.mil,Female,70.235.178.127
905,Lynde,Atwill,latwillp4@tripod.com,Female,249.68.196.17
906,Cherye,Gwillyam,cgwillyamp5@google.co.jp,Female,1.52.18.117
907,Ethelind,Valerio,evaleriop6@narod.ru,Female,192.224.247.181
908,Mattie,Tift,mtiftp7@google.com,Female,32.172.149.236
909,Duky,Boichat,dboichatp8@surveymonkey.com,Male,92.112.63.53
910,Timmi,Yearsley,tyearsleyp9@huffingtonpost.com,Female,86.125.198.48
911,Alvy,Rowsel,arowselpa@telegraph.co.uk,Male,127.213.43.182
912,Noak,Carlett,ncarlettpb@e-recht24.de,Male,54.176.209.247
913,Linnet,Chaperlin,lchaperlinpc@github.com,Female,240.19.106.104
914,Gene,des Remedios,gdesremediospd@salon.com,Male,137.15.223.109
915,Jared,Nowill,jnowillpe@hhs.gov,Male,214.151.179.171
916,Joey,Dadge,jdadgepf@ox.ac.uk,Female,212.106.81.74
917,Bordie,Whyborne,bwhybornepg@feedburner.com,Male,91.82.36.108
918,Sonja,Reilinger,sreilingerph@examiner.com,Agender,254.134.112.89
919,Clifford,Elden,celdenpi@privacy.gov.au,Male,222.40.220.12
920,Elton,Archdeckne,earchdecknepj@miibeian.gov.cn,Male,72.140.116.230
921,Selby,Mellem,smellempk@cargocollective.com,Male,0.45.4.79
922,Colene,Brummell,cbrummellpl@people.com.cn,Female,117.193.191.14
923,Nari,Renfrew,nrenfrewpm@mozilla.com,Polygender,190.20.141.38
924,Doralyn,Maloney,dmaloneypn@dmoz.org,Female,74.156.50.222
925,Debbi,McRonald,dmcronaldpo@miitbeian.gov.cn,Female,105.197.180.31
926,Trumann,Foulkes,tfoulkespp@apache.org,Male,108.48.195.187
927,Waldemar,McMychem,wmcmychempq@youtube.com,Male,236.62.191.3
928,Lonni,Zambon,lzambonpr@elegantthemes.com,Female,45.207.203.98
929,Martha,Della Scala,mdellascalaps@nymag.com,Female,13.165.145.156
930,Lebbie,MacNeish,lmacneishpt@youtu.be,Female,154.219.252.248
931,Evangelin,Buddleigh,ebuddleighpu@economist.com,Agender,185.190.8.233
932,Glenine,Jouhandeau,gjouhandeaupv@google.com.hk,Female,104.37.188.224
933,Allie,Tilliard,atilliardpw@nih.gov,Male,45.65.240.182
934,Pernell,Brandon,pbrandonpx@goo.ne.jp,Male,180.23.127.241
935,Rowland,Georgescu,rgeorgescupy@china.com.cn,Male,98.167.148.56
936,Lars,Rubinsztein,lrubinszteinpz@unc.edu,Male,161.249.59.117
937,Sibby,Berecloth,sbereclothq0@1688.com,Female,131.63.202.104
938,Maurice,Mabee,mmabeeq1@bravesites.com,Male,148.227.97.148
939,Broderick,Wylder,bwylderq2@amazon.co.uk,Male,39.190.230.249
940,Cindra,Neilan,cneilanq3@bloglines.com,Female,19.86.226.76
941,Anthia,Billie,abillieq4@i2i.jp,Female,171.137.167.96
942,Brook,Gasparro,bgasparroq5@drupal.org,Male,175.69.197.45
943,Joleen,Piotr,jpiotrq6@answers.com,Female,2.56.66.57
944,Madge,Fowls,mfowlsq7@census.gov,Female,75.50.72.34
945,Gwyn,Cleife,gcleifeq8@desdev.cn,Female,199.194.154.133
946,Osmund,Moraleda,omoraledaq9@seesaa.net,Male,43.249.180.4
947,Sena,Burl,sburlqa@yandex.ru,Female,139.139.77.56
948,Barbara-anne,Ekless,beklessqb@bizjournals.com,Female,157.250.41.150
949,Benn,Szepe,bszepeqc@buzzfeed.com,Male,254.20.36.122
950,Katee,Partkya,kpartkyaqd@w3.org,Female,15.247.93.243
951,Olly,Taynton,otayntonqe@apache.org,Male,149.124.37.193
952,Leonhard,Ferrai,lferraiqf@europa.eu,Male,30.222.6.12
953,Irina,Chastang,ichastangqg@msu.edu,Genderfluid,50.144.152.190
954,Corbett,Innocenti,cinnocentiqh@google.co.uk,Male,37.105.176.227
955,Halie,Scini,hsciniqi@bandcamp.com,Female,37.41.172.85
956,Tony,Vyse,tvyseqj@technorati.com,Genderqueer,158.196.180.76
957,Gerta,Pavlovsky,gpavlovskyqk@google.it,Female,0.9.102.106
958,Nancee,Pearde,npeardeql@shareasale.com,Female,22.164.95.237
959,Madelene,Ashwood,mashwoodqm@xrea.com,Female,35.152.89.163
960,Harry,Rockhill,hrockhillqn@jimdo.com,Male,94.205.13.231
961,Parry,Barden,pbardenqo@jugem.jp,Male,59.100.207.144
962,Roosevelt,Vardie,rvardieqp@shareasale.com,Male,141.173.67.219
963,Gherardo,Gramer,ggramerqq@php.net,Male,94.45.95.122
964,Culver,Cattemull,ccattemullqr@hibu.com,Male,242.100.14.170
965,Elisa,North,enorthqs@google.com.br,Female,208.181.253.91
966,Nils,Franz,nfranzqt@quantcast.com,Male,148.194.62.73
967,Modestine,Gouth,mgouthqu@cocolog-nifty.com,Genderqueer,250.142.147.147
968,Malorie,Bettley,mbettleyqv@deviantart.com,Female,31.254.68.254
969,Amie,Showl,ashowlqw@apache.org,Female,6.149.182.223
970,Kayley,Gaul,kgaulqx@moonfruit.com,Female,48.81.42.106
971,Raviv,Douris,rdourisqy@dropbox.com,Male,103.174.21.214
972,Dalli,Mityushkin,dmityushkinqz@stanford.edu,Male,225.29.16.35
973,Dena,Scawn,dscawnr0@wiley.com,Female,47.190.201.235
974,Armstrong,Spera,asperar1@ftc.gov,Male,222.66.224.72
975,Dulciana,Van,dvanr2@discuz.net,Female,81.32.80.235
976,Maggy,Ovett,movettr3@sun.com,Genderqueer,68.57.222.67
977,Erasmus,Huntly,ehuntlyr4@theglobeandmail.com,Male,214.2.168.3
978,Skipton,Flegg,sfleggr5@instagram.com,Male,157.92.70.195
979,Jeffy,Schleicher,jschleicherr6@diigo.com,Male,148.205.212.99
980,Josephina,Udey,judeyr7@illinois.edu,Bigender,2.108.239.182
981,Maren,Coulbeck,mcoulbeckr8@state.tx.us,Female,37.183.198.12
982,Gerrilee,Bickers,gbickersr9@adobe.com,Female,223.217.148.227
983,Betteanne,Eddie,beddiera@simplemachines.org,Female,76.56.197.5
984,Goraud,Pavlik,gpavlikrb@cloudflare.com,Male,220.175.247.10
985,Maje,Masson,mmassonrc@webs.com,Male,243.179.39.242
986,Netta,Gowler,ngowlerrd@blinklist.com,Female,191.156.102.232
987,Ethyl,Downage,edownagere@google.cn,Female,96.78.60.113
988,Marmaduke,Heasly,mheaslyrf@symantec.com,Male,130.132.80.19
989,Shelby,Keinrat,skeinratrg@cyberchimps.com,Female,245.144.245.189
990,Sascha,Rattenbury,srattenburyrh@bravesites.com,Male,180.93.29.66
991,Marve,Illing,millingri@webeden.co.uk,Male,138.183.210.184
992,Adrea,Fenich,afenichrj@skype.com,Female,95.97.145.143
993,Ethelred,Quincey,equinceyrk@unesco.org,Male,42.187.226.53
994,Johannah,Gallyhaock,jgallyhaockrl@pcworld.com,Female,46.73.120.14
995,Auria,Winpenny,awinpennyrm@hc360.com,Female,151.240.183.114
996,Tye,Hallibone,thallibonern@fda.gov,Male,137.84.97.31
997,Aurelie,Muddle,amuddlero@meetup.com,Female,185.55.238.20
998,Tabbitha,Heymann,theymannrp@nationalgeographic.com,Female,65.211.49.127
999,Derrick,Scoffham,dscoffhamrq@eepurl.com,Male,204.180.194.104
1000,Connie,Digg,cdiggrr@typepad.com,Female,120.247.187.60
